{"v":"5.5.8","fr":24,"ip":0,"op":48,"w":192,"h":192,"nm":"boiler","ddd":0,"assets":[],"layers":[{"ddd":0,"ind":1,"ty":4,"nm":"flow","sr":-1,"ks":{"o":{"a":0,"k":100,"ix":11},"r":{"a":0,"k":0,"ix":10},"p":{"a":0,"k":[96,96,0],"ix":2},"a":{"a":0,"k":[0,0,0],"ix":1},"s":{"a":0,"k":[100,100,100],"ix":6}},"ao":0,"ef":[{"ty":5,"nm":"CC Force Motion Blur","np":6,"mn":"CC Force Motion Blur","ix":1,"en":1,"ef":[{"ty":0,"nm":"Motion Blur Samples","mn":"CC Force Motion Blur-0001","ix":1,"v":{"a":0,"k":16,"ix":1}},{"ty":7,"nm":"Override Shutter Angle","mn":"CC Force Motion Blur-0002","ix":2,"v":{"a":0,"k":1,"ix":2}},{"ty":0,"nm":"Shutter Angle","mn":"CC Force Motion Blur-0003","ix":3,"v":{"a":0,"k":180,"ix":3}},{"ty":7,"nm":"Native Motion Blur","mn":"CC Force Motion Blur-0004","ix":4,"v":{"a":0,"k":2,"ix":4}}]}],"shapes":[{"ty":"gr","it":[{"ind":0,"ty":"sh","ix":1,"ks":{"a":0,"k":{"i":[[0,0],[0,0],[0,0],[0,0]],"o":[[0,0],[0,0],[0,0],[0,0]],"v":[[4.5,-49.5],[4.5,-66.25],[64.25,-66.25],[64.25,-17.75]],"c":false},"ix":2},"nm":"Path 1","mn":"ADBE Vector Shape - Group","hd":false},{"ty":"st","c":{"a":0,"k":[0.772549019608,0.537254901961,0.090196078431,1],"ix":3},"o":{"a":0,"k":100,"ix":4},"w":{"a":0,"k":2,"ix":5},"lc":2,"lj":1,"ml":4,"bm":0,"d":[{"n":"d","nm":"dash","v":{"a":0,"k":4,"ix":1}},{"n":"o","nm":"offset","v":{"a":0,"k":0,"ix":7}}],"nm":"Stroke 1","mn":"ADBE Vector Graphic - Stroke","hd":false},{"ty":"tr","p":{"a":0,"k":[0,0],"ix":2},"a":{"a":0,"k":[0,0],"ix":1},"s":{"a":0,"k":[100,100],"ix":3},"r":{"a":0,"k":0,"ix":6},"o":{"a":0,"k":100,"ix":7},"sk":{"a":0,"k":0,"ix":4},"sa":{"a":0,"k":0,"ix":5},"nm":"Transform"}],"nm":"Shape 1","np":3,"cix":2,"bm":0,"ix":1,"mn":"ADBE Vector Group","hd":false},{"ty":"tm","s":{"a":1,"k":[{"i":{"x":[0.833],"y":[1]},"o":{"x":[0.333],"y":[0]},"t":44,"s":[100]},{"t":16.9998125,"s":[0]}],"ix":1},"e":{"a":1,"k":[{"i":{"x":[0.833],"y":[1]},"o":{"x":[0.167],"y":[0]},"t":37,"s":[100]},{"t":1.9998125,"s":[0]}],"ix":2},"o":{"a":0,"k":0,"ix":3},"m":1,"ix":2,"nm":"Trim Paths 1","mn":"ADBE Vector Filter - Trim","hd":false}],"ip":47.992,"op":-0.008,"st":48,"bm":0},{"ddd":0,"ind":2,"ty":4,"nm":"main","sr":1,"ks":{"o":{"a":0,"k":100,"ix":11},"r":{"a":0,"k":0,"ix":10},"p":{"a":0,"k":[99.255,98.095,0],"ix":2},"a":{"a":0,"k":[83.795,81.155,0],"ix":1},"s":{"a":0,"k":[100,100,100],"ix":6}},"ao":0,"shapes":[{"ty":"gr","it":[{"ind":0,"ty":"sh","ix":1,"ks":{"a":0,"k":{"i":[[0,0],[0,0],[2.75,0],[0,0],[0,2.75],[0,0]],"o":[[0,0],[0,2.75],[0,0],[-2.75,0],[0,0],[0,0]],"v":[[20,-31.595],[20,26.595],[15,31.595],[-15,31.595],[-20,26.595],[-20,-31.595]],"c":true},"ix":2},"nm":"Path 1","mn":"ADBE Vector Shape - Group","hd":false},{"ty":"fl","c":{"a":0,"k":[1,1,1,1],"ix":4},"o":{"a":0,"k":100,"ix":5},"r":1,"bm":0,"nm":"Fill 1","mn":"ADBE Vector Graphic - Fill","hd":false},{"ty":"tr","p":{"a":0,"k":[144.54,118.655],"ix":2},"a":{"a":0,"k":[0,0],"ix":1},"s":{"a":0,"k":[100,100],"ix":3},"r":{"a":0,"k":0,"ix":6},"o":{"a":0,"k":100,"ix":7},"sk":{"a":0,"k":0,"ix":4},"sa":{"a":0,"k":0,"ix":5},"nm":"Transform"}],"nm":"Group 1","np":2,"cix":2,"bm":0,"ix":1,"mn":"ADBE Vector Group","hd":false},{"ty":"gr","it":[{"ind":0,"ty":"sh","ix":1,"ks":{"a":0,"k":{"i":[[0,-2.21],[2.21,0],[0,0],[0,2.21],[-2.21,0],[0,0]],"o":[[0,2.21],[0,0],[-2.21,0],[0,-2.21],[0,0],[2.21,0]],"v":[[78.145,0],[74.145,4],[-74.145,4],[-78.145,0],[-74.145,-4],[74.145,-4]],"c":true},"ix":2},"nm":"Path 1","mn":"ADBE Vector Shape - Group","hd":false},{"ty":"fl","c":{"a":0,"k":[1,1,1,1],"ix":4},"o":{"a":0,"k":100,"ix":5},"r":1,"bm":0,"nm":"Fill 1","mn":"ADBE Vector Graphic - Fill","hd":false},{"ty":"tr","p":{"a":0,"k":[78.395,158.06],"ix":2},"a":{"a":0,"k":[0,0],"ix":1},"s":{"a":0,"k":[100,100],"ix":3},"r":{"a":0,"k":0,"ix":6},"o":{"a":0,"k":100,"ix":7},"sk":{"a":0,"k":0,"ix":4},"sa":{"a":0,"k":0,"ix":5},"nm":"Transform"}],"nm":"Group 2","np":2,"cix":2,"bm":0,"ix":2,"mn":"ADBE Vector Group","hd":false},{"ty":"gr","it":[{"ind":0,"ty":"sh","ix":1,"ks":{"a":0,"k":{"i":[[6.61,0],[0,6.61],[-3.13,5.17],[-1.39,1.71],[-0.3,0],[-0.19,-0.23],[-2.43,-4.01],[0,-3.26]],"o":[[-6.62,0],[0,-3.26],[2.43,-4.01],[0.19,-0.23],[0.29,0],[1.39,1.71],[3.13,5.17],[0,6.61]],"v":[[-17.675,8.939],[-29.675,-3.061],[-24.965,-15.76],[-18.445,-24.951],[-17.675,-25.311],[-16.915,-24.951],[-10.395,-15.76],[-5.675,-3.061]],"c":true},"ix":2},"nm":"Path 1","mn":"ADBE Vector Shape - Group","hd":false},{"ind":1,"ty":"sh","ix":2,"ks":{"a":0,"k":{"i":[[0,0],[0,0],[0.18,-0.03],[0,0],[-0.19,0],[0,0]],"o":[[0,0],[-0.19,0],[0,0],[0.18,0.03],[0,0],[0,0]],"v":[[-56.825,28.81],[-65.675,28.81],[-66.225,28.86],[-66.225,0.57],[-65.675,0.62],[-56.825,0.62]],"c":true},"ix":2},"nm":"Path 2","mn":"ADBE Vector Shape - Group","hd":false},{"ind":2,"ty":"sh","ix":3,"ks":{"a":0,"k":{"i":[[0,0],[0,3.17],[3.16,0],[0,0],[0,0],[1.66,0],[0,0],[0,-1.66],[0,0],[0,0],[0,0],[0,3.34],[4.4,0],[0,-4.4],[-2.92,-1.18],[0,0],[0,0],[0,-2.75],[0,0],[0,0],[0.18,-0.03],[0,0],[3.04,0],[0,0],[0,-3.04],[0,0],[-3.04,0],[0,0],[0,3.04],[0,0],[-0.19,0],[0,0],[0,0],[-2.75,0],[0,0],[0,2.75],[0,0],[2.75,0],[0,0],[0,0],[0,0],[0,0],[0,0],[0,-3.16],[-1.04,-1.03],[-1.59,0],[0,0],[0,0],[0,-9.98],[0,0],[0,0],[0,0],[9.59,1.46],[0,0]],"o":[[3.16,0],[0,-3.16],[0,0],[0,0],[0,-1.66],[0,0],[-1.66,0],[0,0],[0,0],[0,0],[2.92,-1.18],[0,-4.4],[-4.4,0],[0,3.34],[0,0],[0,0],[-2.75,0],[0,0],[0,0],[-0.19,0],[0,0],[0,-3.04],[0,0],[-3.04,0],[0,0],[0,3.04],[0,0],[3.04,0],[0,0],[0.18,0.031],[0,0],[0,0],[0,2.75],[0,0],[2.75,0],[0,0],[0,-2.75],[0,0],[0,0],[0,0],[0,0],[0,0],[-3.17,0],[0,1.58],[1.03,1.04],[0,0],[0,0],[-9.59,1.46],[0,0],[0,0],[0,0],[0,-9.98],[0,0],[0,0]],"v":[[75.395,-36.74],[81.125,-42.47],[75.395,-48.19],[61.325,-48.19],[61.325,-62.561],[58.325,-65.561],[-1.675,-65.561],[-4.675,-62.561],[-4.675,-48.19],[-42.675,-48.19],[-42.675,-59.65],[-37.705,-67.031],[-45.675,-75.001],[-53.645,-67.031],[-48.675,-59.65],[-48.675,-48.19],[-51.825,-48.19],[-56.825,-43.19],[-56.825,-5.381],[-65.675,-5.381],[-66.225,-5.331],[-66.225,-18.68],[-71.735,-24.191],[-75.615,-24.191],[-81.125,-18.68],[-81.125,45.49],[-75.615,51.001],[-71.735,51.001],[-66.225,45.49],[-66.225,34.76],[-65.675,34.81],[-56.825,34.81],[-56.825,70.001],[-51.825,75.001],[16.475,75.001],[21.475,70.001],[21.475,-43.19],[16.475,-48.19],[1.325,-48.19],[1.325,-59.561],[55.325,-59.561],[55.325,-48.19],[41.255,-48.19],[35.525,-42.47],[37.205,-38.421],[41.255,-36.74],[55.325,-36.74],[55.325,-17.84],[38.325,1.939],[38.325,3.81],[78.325,3.81],[78.325,1.939],[61.325,-17.84],[61.325,-36.74]],"c":true},"ix":2},"nm":"Path 3","mn":"ADBE Vector Shape - Group","hd":false},{"ty":"mm","mm":1,"nm":"Merge Paths 1","mn":"ADBE Vector Filter - Merge","hd":false},{"ty":"fl","c":{"a":0,"k":[1,1,1,1],"ix":4},"o":{"a":0,"k":100,"ix":5},"r":1,"bm":0,"nm":"Fill 1","mn":"ADBE Vector Graphic - Fill","hd":false},{"ty":"tr","p":{"a":0,"k":[86.215,75.251],"ix":2},"a":{"a":0,"k":[0,0],"ix":1},"s":{"a":0,"k":[100,100],"ix":3},"r":{"a":0,"k":0,"ix":6},"o":{"a":0,"k":100,"ix":7},"sk":{"a":0,"k":0,"ix":4},"sa":{"a":0,"k":0,"ix":5},"nm":"Transform"}],"nm":"Group 3","np":5,"cix":2,"bm":0,"ix":3,"mn":"ADBE Vector Group","hd":false}],"ip":0,"op":48,"st":0,"bm":0}],"markers":[]}