{"v":"5.5.8","fr":24,"ip":0,"op":48,"w":192,"h":192,"nm":"engineering","ddd":0,"assets":[],"layers":[{"ddd":0,"ind":1,"ty":4,"nm":"cog-b","sr":1,"ks":{"o":{"a":0,"k":100,"ix":11},"r":{"a":1,"k":[{"i":{"x":[0.667],"y":[1]},"o":{"x":[0.333],"y":[0]},"t":0,"s":[0]},{"t":42,"s":[-360]}],"ix":10},"p":{"a":0,"k":[62.655,112.905,0],"ix":2},"a":{"a":0,"k":[58.905,58.905,0],"ix":1},"s":{"a":0,"k":[100,100,100],"ix":6}},"ao":0,"ef":[{"ty":5,"nm":"CC Force Motion Blur","np":6,"mn":"CC Force Motion Blur","ix":1,"en":1,"ef":[{"ty":0,"nm":"Motion Blur Samples","mn":"CC Force Motion Blur-0001","ix":1,"v":{"a":0,"k":16,"ix":1}},{"ty":7,"nm":"Override Shutter Angle","mn":"CC Force Motion Blur-0002","ix":2,"v":{"a":0,"k":1,"ix":2}},{"ty":0,"nm":"Shutter Angle","mn":"CC Force Motion Blur-0003","ix":3,"v":{"a":0,"k":180,"ix":3}},{"ty":7,"nm":"Native Motion Blur","mn":"CC Force Motion Blur-0004","ix":4,"v":{"a":0,"k":2,"ix":4}}]}],"shapes":[{"ty":"gr","it":[{"ind":0,"ty":"sh","ix":1,"ks":{"a":0,"k":{"i":[[12.1,0],[0,12.099],[-12.09,0],[0,-12.091]],"o":[[-12.09,0],[0,-12.091],[12.1,0],[0,12.099]],"v":[[-0.005,21.895],[-21.895,-0.004],[-0.005,-21.905],[21.895,-0.004]],"c":true},"ix":2},"nm":"Path 1","mn":"ADBE Vector Shape - Group","hd":false},{"ind":1,"ty":"sh","ix":2,"ks":{"a":0,"k":{"i":[[3.96,0],[0,0],[0.58,1.63],[0.701,1.46],[-1.08,1.07],[0,0],[1.78,1.78],[0,0],[0.39,0.19],[2.19,-2.2],[0,0],[1.15,0],[0.57,0.28],[1.51,0.54],[0,1.51],[0,0],[2.51,0],[0,0],[0,-2.51],[0,0],[1.63,-0.57],[1.46,-0.7],[0.71,0],[0.64,0.64],[0,0],[0.38,0.19],[2.19,-2.2],[0,0],[0.19,-0.39],[-2.19,-2.19],[0,0],[0.75,-1.55],[0.53,-1.51],[1.52,0],[0,0],[0,-2.5],[0,0],[-2.51,0],[0,0],[-0.58,-1.63],[-0.7,-1.46],[1.07,-1.08],[0,0],[-1.77,-1.77],[0,0],[-0.39,-0.19],[-2.2,2.191],[0,0],[-1.15,0],[-0.57,-0.28],[-1.51,-0.529],[0,-1.52],[0,0],[-2.51,0],[0,0],[0,2.51],[0,0],[-1.63,0.569],[-1.46,0.701],[-0.71,0],[-0.64,-0.64],[0,0],[-0.38,-0.19],[-2.19,2.191],[0,0],[1.77,1.77],[0,0],[-0.75,1.551],[-0.54,1.511],[-1.52,0],[0,0],[0,2.5],[0,0]],"o":[[0,0],[-1.52,0],[-0.53,-1.51],[-0.75,-1.54],[0,0],[1.78,-1.77],[0,0],[-0.301,-0.31],[-3.13,-1.58],[0,0],[-0.64,0.65],[-0.71,0],[-1.46,-0.7],[-1.63,-0.57],[0,0],[0,-2.51],[0,0],[-2.5,0],[0,0],[0,1.51],[-1.51,0.54],[-0.56,0.27],[-1.15,0],[0,0],[-0.3,-0.3],[-3.13,-1.58],[0,0],[-0.31,0.31],[-1.57,3.13],[0,0],[1.07,1.08],[-0.7,1.45],[-0.58,1.63],[0,0],[-2.51,0],[0,0],[0,2.51],[0,0],[1.52,0],[0.53,1.5],[0.75,1.551],[0,0],[-1.77,1.771],[0,0],[0.31,0.309],[3.12,1.57],[0,0],[0.65,-0.64],[0.71,0],[1.45,0.701],[1.63,0.58],[0,0],[0,2.51],[0,0],[2.51,0],[0,0],[0,-1.52],[1.51,-0.54],[0.56,-0.27],[1.15,0],[0,0],[0.31,0.309],[3.13,1.57],[0,0],[1.77,-1.78],[0,0],[-1.07,-1.071],[0.701,-1.449],[0.57,-1.63],[0,0],[2.51,0],[0,0],[0,-3.971]],"v":[[51.475,-11.775],[45.855,-11.775],[41.985,-14.775],[40.125,-19.245],[40.725,-24.075],[46.585,-29.945],[46.585,-36.365],[37.786,-45.155],[36.755,-45.935],[28.075,-44.715],[24.075,-40.725],[21.215,-39.695],[19.245,-40.125],[14.775,-41.995],[11.775,-45.855],[11.775,-54.115],[7.225,-58.655],[-7.235,-58.655],[-11.775,-54.115],[-11.775,-45.855],[-14.775,-41.995],[-19.245,-40.125],[-21.215,-39.705],[-24.075,-40.725],[-28.515,-45.165],[-29.545,-45.935],[-38.225,-44.715],[-45.165,-37.785],[-45.945,-36.745],[-44.725,-28.075],[-40.725,-24.075],[-40.125,-19.235],[-41.985,-14.775],[-45.855,-11.775],[-54.115,-11.775],[-58.655,-7.235],[-58.655,7.225],[-54.115,11.775],[-45.855,11.775],[-41.985,14.775],[-40.125,19.235],[-40.725,24.076],[-46.595,29.935],[-46.595,36.355],[-37.785,45.166],[-36.745,45.945],[-28.065,44.725],[-24.075,40.725],[-21.205,39.706],[-19.235,40.125],[-14.775,41.985],[-11.775,45.855],[-11.775,54.115],[-7.225,58.655],[7.225,58.655],[11.775,54.115],[11.775,45.855],[14.775,41.996],[19.245,40.125],[21.215,39.706],[24.075,40.725],[28.515,45.166],[29.555,45.945],[38.235,44.725],[46.595,36.365],[46.595,29.945],[40.725,24.076],[40.125,19.235],[41.995,14.775],[45.865,11.775],[54.115,11.775],[58.655,7.235],[58.655,-4.584]],"c":true},"ix":2},"nm":"Path 2","mn":"ADBE Vector Shape - Group","hd":false},{"ty":"mm","mm":1,"nm":"Merge Paths 1","mn":"ADBE Vector Filter - Merge","hd":false},{"ty":"fl","c":{"a":0,"k":[1,1,1,1],"ix":4},"o":{"a":0,"k":100,"ix":5},"r":1,"bm":0,"nm":"Fill 1","mn":"ADBE Vector Graphic - Fill","hd":false},{"ty":"tr","p":{"a":0,"k":[58.905,58.905],"ix":2},"a":{"a":0,"k":[0,0],"ix":1},"s":{"a":0,"k":[100,100],"ix":3},"r":{"a":0,"k":0,"ix":6},"o":{"a":0,"k":100,"ix":7},"sk":{"a":0,"k":0,"ix":4},"sa":{"a":0,"k":0,"ix":5},"nm":"Transform"}],"nm":"Group 1","np":4,"cix":2,"bm":0,"ix":1,"mn":"ADBE Vector Group","hd":false}],"ip":0,"op":48,"st":0,"bm":0},{"ddd":0,"ind":2,"ty":4,"nm":"cog-m","sr":1,"ks":{"o":{"a":0,"k":100,"ix":11},"r":{"a":1,"k":[{"i":{"x":[0.667],"y":[1]},"o":{"x":[0.333],"y":[0]},"t":2,"s":[0]},{"t":40,"s":[360]}],"ix":10},"p":{"a":0,"k":[150.625,84.94,0],"ix":2},"a":{"a":0,"k":[37.895,37.899,0],"ix":1},"s":{"a":0,"k":[100,100,100],"ix":6}},"ao":0,"ef":[{"ty":5,"nm":"CC Force Motion Blur","np":6,"mn":"CC Force Motion Blur","ix":1,"en":1,"ef":[{"ty":0,"nm":"Motion Blur Samples","mn":"CC Force Motion Blur-0001","ix":1,"v":{"a":0,"k":16,"ix":1}},{"ty":7,"nm":"Override Shutter Angle","mn":"CC Force Motion Blur-0002","ix":2,"v":{"a":0,"k":1,"ix":2}},{"ty":0,"nm":"Shutter Angle","mn":"CC Force Motion Blur-0003","ix":3,"v":{"a":0,"k":180,"ix":3}},{"ty":7,"nm":"Native Motion Blur","mn":"CC Force Motion Blur-0004","ix":4,"v":{"a":0,"k":2,"ix":4}}]}],"shapes":[{"ty":"gr","it":[{"ind":0,"ty":"sh","ix":1,"ks":{"a":0,"k":{"i":[[6.81,0],[0,6.81],[-6.8,0],[0,-6.81]],"o":[[-6.8,0],[0,-6.81],[6.81,0],[0,6.81]],"v":[[-0.005,12.329],[-12.325,-0.001],[-0.005,-12.331],[12.326,-0.001]],"c":true},"ix":2},"nm":"Path 1","mn":"ADBE Vector Shape - Group","hd":false},{"ind":1,"ty":"sh","ix":2,"ks":{"a":0,"k":{"i":[[0.319,1.98],[0,0],[1.99,-0.321],[0,0],[0.23,0.431],[0.6,0.84],[-0.149,0.21],[0,0],[1.62,1.169],[0,0],[0.33,0.1],[1.47,-2.031],[0,0],[0.371,-0.06],[0.159,0.049],[1,0.181],[0.04,0.261],[0,0],[1.98,-0.319],[0,0],[-0.321,-1.98],[0,0],[0.43,-0.24],[0.84,-0.59],[0.21,-0.031],[0.09,0.06],[0,0],[0.341,0.1],[1.47,-2.03],[0,0],[-1.62,-1.17],[0,0],[0.14,-0.46],[0.19,-1.009],[0.25,-0.04],[0,0],[-0.32,-1.98],[0,0],[-1.98,0.321],[0,0],[-0.23,-0.441],[-0.6,-0.841],[0.15,-0.21],[0,0],[0.101,-0.34],[-2.03,-1.47],[0,0],[-0.34,-0.1],[-1.469,2.031],[0,0],[-0.37,0.051],[-0.159,-0.05],[-1,-0.179],[-0.04,-0.259],[0,0],[-1.98,0.32],[0,0],[0.32,1.979],[0,0],[-0.43,0.241],[-0.85,0.589],[-0.21,0.031],[-0.091,-0.059],[0,0],[-0.34,-0.109],[-1.46,2.03],[0,0],[1.62,1.179],[0,0],[-0.14,0.46],[-0.19,1.01],[-0.25,0.041],[0,0]],"o":[[0,0],[-0.321,-1.98],[0,0],[-0.25,0.049],[-0.5,-0.9],[-0.27,-0.399],[0,0],[1.179,-1.629],[0,0],[-0.29,-0.21],[-2.701,-0.86],[0,0],[-0.07,0.091],[-0.21,0.031],[-0.99,-0.29],[-0.49,-0.089],[0,0],[-0.32,-1.98],[0,0],[-1.979,0.32],[0,0],[0.039,0.261],[-0.9,0.491],[-0.13,0.1],[-0.37,0.06],[0,0],[-0.29,-0.21],[-2.699,-0.85],[0,0],[-1.18,1.631],[0,0],[0.21,0.15],[-0.3,0.989],[-0.09,0.48],[0,0],[-1.989,0.32],[0,0],[0.32,1.991],[0,0],[0.25,-0.04],[0.49,0.899],[0.27,0.399],[0,0],[-0.21,0.29],[-0.849,2.7],[0,0],[0.29,0.21],[2.69,0.851],[0,0],[0.06,-0.08],[0.21,-0.04],[0.991,0.29],[0.491,0.09],[0,0],[0.319,1.981],[0,0],[1.98,-0.32],[0,0],[-0.039,-0.26],[0.9,-0.49],[0.13,-0.09],[0.36,-0.059],[0,0],[0.29,0.21],[2.7,0.84],[0,0],[1.181,-1.619],[0,0],[-0.21,-0.149],[0.3,-0.99],[0.08,-0.48],[0,0],[1.98,-0.31]],"v":[[37.326,-0.99],[35.756,-10.771],[31.586,-13.779],[26.076,-12.9],[24.986,-13.581],[23.346,-16.211],[23.225,-17.48],[26.506,-22.02],[25.696,-27.089],[19.026,-31.91],[18.096,-32.399],[11.316,-30.319],[9.316,-27.54],[8.645,-27.23],[8.066,-27.259],[5.065,-27.98],[4.066,-28.811],[3.176,-34.319],[-0.985,-37.33],[-10.776,-35.751],[-13.785,-31.589],[-12.895,-26.08],[-13.585,-24.98],[-16.215,-23.35],[-16.755,-23.149],[-17.485,-23.23],[-20.665,-25.529],[-21.606,-26.02],[-28.365,-23.93],[-32.895,-17.661],[-32.085,-12.59],[-27.544,-9.311],[-27.255,-8.07],[-27.984,-5.061],[-28.805,-4.061],[-34.316,-3.171],[-37.324,0.99],[-35.755,10.77],[-31.594,13.779],[-26.074,12.9],[-24.984,13.59],[-23.344,16.21],[-23.225,17.479],[-25.535,20.671],[-26.025,21.609],[-23.934,28.369],[-19.015,31.921],[-18.075,32.41],[-11.316,30.32],[-9.305,27.54],[-8.645,27.24],[-8.066,27.26],[-5.066,27.979],[-4.066,28.809],[-3.175,34.32],[0.986,37.329],[10.776,35.751],[13.785,31.59],[12.895,26.079],[13.586,24.979],[16.215,23.35],[16.756,23.149],[17.486,23.229],[20.666,25.529],[21.606,26.029],[28.366,23.931],[32.895,17.66],[32.086,12.59],[27.546,9.309],[27.256,8.07],[27.986,5.06],[28.806,4.06],[34.316,3.17]],"c":true},"ix":2},"nm":"Path 2","mn":"ADBE Vector Shape - Group","hd":false},{"ty":"mm","mm":1,"nm":"Merge Paths 1","mn":"ADBE Vector Filter - Merge","hd":false},{"ty":"fl","c":{"a":0,"k":[1,1,1,1],"ix":4},"o":{"a":0,"k":100,"ix":5},"r":1,"bm":0,"nm":"Fill 1","mn":"ADBE Vector Graphic - Fill","hd":false},{"ty":"tr","p":{"a":0,"k":[37.894,37.9],"ix":2},"a":{"a":0,"k":[0,0],"ix":1},"s":{"a":0,"k":[100,100],"ix":3},"r":{"a":0,"k":0,"ix":6},"o":{"a":0,"k":100,"ix":7},"sk":{"a":0,"k":0,"ix":4},"sa":{"a":0,"k":0,"ix":5},"nm":"Transform"}],"nm":"Group 1","np":4,"cix":2,"bm":0,"ix":1,"mn":"ADBE Vector Group","hd":false}],"ip":0,"op":48,"st":0,"bm":0},{"ddd":0,"ind":3,"ty":4,"nm":"cog-s","sr":1,"ks":{"o":{"a":0,"k":100,"ix":11},"r":{"a":1,"k":[{"i":{"x":[0.667],"y":[1]},"o":{"x":[0.333],"y":[0]},"t":4,"s":[0]},{"t":42,"s":[360]}],"ix":10},"p":{"a":0,"k":[93.815,42.865,0],"ix":2},"a":{"a":0,"k":[22.885,22.885,0],"ix":1},"s":{"a":0,"k":[100,100,100],"ix":6}},"ao":0,"ef":[{"ty":5,"nm":"CC Force Motion Blur","np":6,"mn":"CC Force Motion Blur","ix":1,"en":1,"ef":[{"ty":0,"nm":"Motion Blur Samples","mn":"CC Force Motion Blur-0001","ix":1,"v":{"a":0,"k":16,"ix":1}},{"ty":7,"nm":"Override Shutter Angle","mn":"CC Force Motion Blur-0002","ix":2,"v":{"a":0,"k":1,"ix":2}},{"ty":0,"nm":"Shutter Angle","mn":"CC Force Motion Blur-0003","ix":3,"v":{"a":0,"k":180,"ix":3}},{"ty":7,"nm":"Native Motion Blur","mn":"CC Force Motion Blur-0004","ix":4,"v":{"a":0,"k":2,"ix":4}}]}],"shapes":[{"ty":"gr","it":[{"ind":0,"ty":"sh","ix":1,"ks":{"a":0,"k":{"i":[[4.33,0],[0,4.32],[-4.32,0],[0,-4.32]],"o":[[-4.32,0],[0,-4.32],[4.33,0],[0,4.32]],"v":[[-0.005,7.835],[-7.835,0.005],[-0.005,-7.825],[7.825,0.005]],"c":true},"ix":2},"nm":"Path 1","mn":"ADBE Vector Shape - Group","hd":false},{"ind":1,"ty":"sh","ix":2,"ks":{"a":0,"k":{"i":[[-0.04,0.61],[-0.15,0.05],[0,0],[0.28,0.96],[0,0],[0.96,-0.28],[0,0],[0.17,0.24],[0.41,0.46],[-0.07,0.13],[0,0],[0.87,0.49],[0,0],[0.18,0.03],[0.74,-1.33],[0,0],[0.22,-0.06],[0.09,0.01],[0.61,0.04],[0.04,0.15],[0,0],[0.97,-0.28],[0,0],[-0.27,-0.96],[0,0],[0.24,-0.17],[0.46,-0.42],[0.13,-0.03],[0.06,0.03],[0,0],[0.18,0.03],[0.74,-1.33],[0,0],[-0.88,-0.49],[0,0],[0.05,-0.29],[0.04,-0.62],[0.15,-0.04],[0,0],[-0.27,-0.97],[0,0],[-0.97,0.28],[0,0],[-0.17,-0.25],[-0.42,-0.46],[0.08,-0.14],[0,0],[0.04,-0.18],[-1.33,-0.74],[0,0],[-0.18,-0.03],[-0.74,1.33],[0,0],[-0.21,0.06],[-0.1,-0.02],[-0.61,-0.04],[-0.05,-0.15],[0,0],[-0.96,0.27],[0,0],[0.28,0.97],[0,0],[-0.24,0.17],[-0.46,0.42],[-0.12,0.03],[-0.05,-0.03],[0,0],[-0.18,-0.04],[-0.74,1.33],[0,0],[0.88,0.49],[0,0],[-0.05,0.29]],"o":[[0.02,-0.3],[0,0],[0.96,-0.28],[0,0],[-0.28,-0.96],[0,0],[-0.15,0.04],[-0.36,-0.5],[-0.2,-0.22],[0,0],[0.491,-0.88],[0,0],[-0.15,-0.08],[-1.69,-0.35],[0,0],[-0.03,0.05],[-0.12,0.03],[-0.62,-0.11],[-0.3,-0.02],[0,0],[-0.28,-0.97],[0,0],[-0.97,0.27],[0,0],[0.04,0.15],[-0.51,0.36],[-0.07,0.06],[-0.21,0.06],[0,0],[-0.16,-0.08],[-1.69,-0.34],[0,0],[-0.49,0.87],[0,0],[0.14,0.08],[-0.11,0.61],[-0.02,0.29],[0,0],[-0.97,0.28],[0,0],[0.28,0.97],[0,0],[0.15,-0.04],[0.36,0.5],[0.19,0.22],[0,0],[-0.09,0.16],[-0.33,1.69],[0,0],[0.16,0.09],[1.69,0.34],[0,0],[0.03,-0.06],[0.13,-0.04],[0.61,0.11],[0.3,0.02],[0,0],[0.27,0.97],[0,0],[0.96,-0.28],[0,0],[-0.05,-0.15],[0.5,-0.36],[0.08,-0.06],[0.22,-0.07],[0,0],[0.16,0.09],[1.69,0.33],[0,0],[0.48,-0.88],[0,0],[-0.14,-0.08],[0.1,-0.61]],"v":[[17.095,1.025],[17.525,0.365],[21.115,-0.655],[22.355,-2.905],[20.515,-9.365],[18.265,-10.605],[14.675,-9.575],[13.965,-9.915],[12.805,-11.365],[12.635,-12.115],[14.454,-15.395],[13.755,-17.865],[9.045,-20.475],[8.545,-20.665],[4.595,-18.945],[3.595,-17.135],[3.215,-16.905],[2.875,-16.875],[1.025,-17.095],[0.365,-17.515],[-0.665,-21.105],[-2.915,-22.355],[-9.365,-20.505],[-10.615,-18.265],[-9.585,-14.675],[-9.915,-13.965],[-11.375,-12.795],[-11.685,-12.645],[-12.125,-12.635],[-14.235,-13.815],[-14.745,-14.005],[-18.685,-12.275],[-21.125,-7.875],[-20.415,-5.405],[-17.145,-3.595],[-16.885,-2.865],[-17.105,-1.015],[-17.525,-0.365],[-21.115,0.665],[-22.365,2.915],[-20.515,9.365],[-18.265,10.615],[-14.675,9.585],[-13.975,9.925],[-12.805,11.375],[-12.645,12.125],[-13.815,14.235],[-14.015,14.755],[-12.285,18.685],[-9.045,20.485],[-8.535,20.675],[-4.595,18.955],[-3.595,17.145],[-3.225,16.915],[-2.875,16.885],[-1.025,17.105],[-0.365,17.525],[0.665,21.115],[2.905,22.365],[9.365,20.515],[10.605,18.265],[9.585,14.675],[9.915,13.975],[11.365,12.805],[11.675,12.655],[12.115,12.645],[14.235,13.815],[14.745,14.015],[18.685,12.285],[21.125,7.885],[20.415,5.415],[17.145,3.605],[16.885,2.875]],"c":true},"ix":2},"nm":"Path 2","mn":"ADBE Vector Shape - Group","hd":false},{"ty":"mm","mm":1,"nm":"Merge Paths 1","mn":"ADBE Vector Filter - Merge","hd":false},{"ty":"fl","c":{"a":0,"k":[1,1,1,1],"ix":4},"o":{"a":0,"k":100,"ix":5},"r":1,"bm":0,"nm":"Fill 1","mn":"ADBE Vector Graphic - Fill","hd":false},{"ty":"tr","p":{"a":0,"k":[22.885,22.885],"ix":2},"a":{"a":0,"k":[0,0],"ix":1},"s":{"a":0,"k":[100,100],"ix":3},"r":{"a":0,"k":0,"ix":6},"o":{"a":0,"k":100,"ix":7},"sk":{"a":0,"k":0,"ix":4},"sa":{"a":0,"k":0,"ix":5},"nm":"Transform"}],"nm":"Group 1","np":4,"cix":2,"bm":0,"ix":1,"mn":"ADBE Vector Group","hd":false}],"ip":0,"op":48,"st":0,"bm":0}],"markers":[]}