{"v":"5.5.8","fr":24,"ip":0,"op":48,"w":192,"h":192,"nm":"homeequipments","ddd":0,"assets":[],"layers":[{"ddd":0,"ind":1,"ty":4,"nm":"main","sr":1,"ks":{"o":{"a":0,"k":100,"ix":11},"r":{"a":0,"k":0,"ix":10},"p":{"a":0,"k":[96,99.185,0],"ix":2},"a":{"a":0,"k":[92.25,83.435,0],"ix":1},"s":{"a":0,"k":[100,100,100],"ix":6}},"ao":0,"shapes":[{"ty":"gr","it":[{"ind":0,"ty":"sh","ix":1,"ks":{"a":0,"k":{"i":[[0,-0.55],[0.551,0],[0,0],[0,0.55],[-0.549,0],[0,0]],"o":[[0,0.55],[0,0],[-0.549,0],[0,-0.55],[0,0],[0.551,0]],"v":[[3.675,0],[2.675,1],[-2.675,1],[-3.675,0],[-2.675,-1],[2.675,-1]],"c":true},"ix":2},"nm":"Path 1","mn":"ADBE Vector Shape - Group","hd":false},{"ty":"fl","c":{"a":0,"k":[1,1,1,1],"ix":4},"o":{"a":0,"k":100,"ix":5},"r":1,"bm":0,"nm":"Fill 1","mn":"ADBE Vector Graphic - Fill","hd":false},{"ty":"tr","p":{"a":0,"k":[94.925,16.25],"ix":2},"a":{"a":0,"k":[0,0],"ix":1},"s":{"a":0,"k":[100,100],"ix":3},"r":{"a":0,"k":0,"ix":6},"o":{"a":0,"k":100,"ix":7},"sk":{"a":0,"k":0,"ix":4},"sa":{"a":0,"k":0,"ix":5},"nm":"Transform"}],"nm":"Group 1","np":2,"cix":2,"bm":0,"ix":1,"mn":"ADBE Vector Group","hd":false},{"ty":"gr","it":[{"ind":0,"ty":"sh","ix":1,"ks":{"a":0,"k":{"i":[[6.63,0],[0,6.63],[-6.63,0],[0,-6.63]],"o":[[-6.63,0],[0,-6.63],[6.63,0],[0,6.63]],"v":[[0,12],[-12,0],[0,-12],[12,0]],"c":true},"ix":2},"nm":"Path 1","mn":"ADBE Vector Shape - Group","hd":false},{"ind":1,"ty":"sh","ix":2,"ks":{"a":0,"k":{"i":[[8.82,0],[0,-8.82],[-8.82,0],[0,8.82]],"o":[[-8.82,0],[0,8.82],[8.82,0],[0,-8.82]],"v":[[0,-16],[-16,0],[0,16],[16,0]],"c":true},"ix":2},"nm":"Path 2","mn":"ADBE Vector Shape - Group","hd":false},{"ty":"mm","mm":1,"nm":"Merge Paths 1","mn":"ADBE Vector Filter - Merge","hd":false},{"ty":"fl","c":{"a":0,"k":[1,1,1,1],"ix":4},"o":{"a":0,"k":100,"ix":5},"r":1,"bm":0,"nm":"Fill 1","mn":"ADBE Vector Graphic - Fill","hd":false},{"ty":"tr","p":{"a":0,"k":[92.25,16.25],"ix":2},"a":{"a":0,"k":[0,0],"ix":1},"s":{"a":0,"k":[100,100],"ix":3},"r":{"a":0,"k":0,"ix":6},"o":{"a":0,"k":100,"ix":7},"sk":{"a":0,"k":0,"ix":4},"sa":{"a":0,"k":0,"ix":5},"nm":"Transform"}],"nm":"Group 2","np":4,"cix":2,"bm":0,"ix":2,"mn":"ADBE Vector Group","hd":false},{"ty":"gr","it":[{"ind":0,"ty":"sh","ix":1,"ks":{"a":0,"k":{"i":[[0,0],[0,0],[0,0],[0,0]],"o":[[0,0],[0,0],[0,0],[0,0]],"v":[[8.93,4],[-8.93,4],[-8.93,-4],[8.93,-4]],"c":true},"ix":2},"nm":"Path 1","mn":"ADBE Vector Shape - Group","hd":false},{"ty":"fl","c":{"a":0,"k":[1,1,1,1],"ix":4},"o":{"a":0,"k":100,"ix":5},"r":1,"bm":0,"nm":"Fill 1","mn":"ADBE Vector Graphic - Fill","hd":false},{"ty":"tr","p":{"a":0,"k":[167.32,162.62],"ix":2},"a":{"a":0,"k":[0,0],"ix":1},"s":{"a":0,"k":[100,100],"ix":3},"r":{"a":0,"k":0,"ix":6},"o":{"a":0,"k":100,"ix":7},"sk":{"a":0,"k":0,"ix":4},"sa":{"a":0,"k":0,"ix":5},"nm":"Transform"}],"nm":"Group 3","np":2,"cix":2,"bm":0,"ix":3,"mn":"ADBE Vector Group","hd":false},{"ty":"gr","it":[{"ind":0,"ty":"sh","ix":1,"ks":{"a":0,"k":{"i":[[0,0],[0,0],[0,0],[0,0]],"o":[[0,0],[0,0],[0,0],[0,0]],"v":[[8.93,4],[-8.93,4],[-8.93,-4],[8.93,-4]],"c":true},"ix":2},"nm":"Path 1","mn":"ADBE Vector Shape - Group","hd":false},{"ty":"fl","c":{"a":0,"k":[1,1,1,1],"ix":4},"o":{"a":0,"k":100,"ix":5},"r":1,"bm":0,"nm":"Fill 1","mn":"ADBE Vector Graphic - Fill","hd":false},{"ty":"tr","p":{"a":0,"k":[17.18,162.62],"ix":2},"a":{"a":0,"k":[0,0],"ix":1},"s":{"a":0,"k":[100,100],"ix":3},"r":{"a":0,"k":0,"ix":6},"o":{"a":0,"k":100,"ix":7},"sk":{"a":0,"k":0,"ix":4},"sa":{"a":0,"k":0,"ix":5},"nm":"Transform"}],"nm":"Group 4","np":2,"cix":2,"bm":0,"ix":4,"mn":"ADBE Vector Group","hd":false},{"ty":"gr","it":[{"ind":0,"ty":"sh","ix":1,"ks":{"a":0,"k":{"i":[[0,0],[0.019,-0.05],[0.02,0.04]],"o":[[-0.01,0.05],[-0.04,-0.04],[0,0]],"v":[[0.065,-0.065],[0.025,0.065],[-0.065,-0.065]],"c":true},"ix":2},"nm":"Path 1","mn":"ADBE Vector Shape - Group","hd":false},{"ty":"fl","c":{"a":0,"k":[1,1,1,1],"ix":4},"o":{"a":0,"k":100,"ix":5},"r":1,"bm":0,"nm":"Fill 1","mn":"ADBE Vector Graphic - Fill","hd":false},{"ty":"tr","p":{"a":0,"k":[92.965,113.385],"ix":2},"a":{"a":0,"k":[0,0],"ix":1},"s":{"a":0,"k":[100,100],"ix":3},"r":{"a":0,"k":0,"ix":6},"o":{"a":0,"k":100,"ix":7},"sk":{"a":0,"k":0,"ix":4},"sa":{"a":0,"k":0,"ix":5},"nm":"Transform"}],"nm":"Group 5","np":2,"cix":2,"bm":0,"ix":5,"mn":"ADBE Vector Group","hd":false},{"ty":"gr","it":[{"ind":0,"ty":"sh","ix":1,"ks":{"a":0,"k":{"i":[[0.01,0.04],[0,0],[0.04,-0.04]],"o":[[0,0],[-0.02,0.04],[-0.01,-0.05]],"v":[[-0.06,-0.065],[0.06,-0.065],[-0.03,0.065]],"c":true},"ix":2},"nm":"Path 1","mn":"ADBE Vector Shape - Group","hd":false},{"ty":"fl","c":{"a":0,"k":[1,1,1,1],"ix":4},"o":{"a":0,"k":100,"ix":5},"r":1,"bm":0,"nm":"Fill 1","mn":"ADBE Vector Graphic - Fill","hd":false},{"ty":"tr","p":{"a":0,"k":[90.8,113.385],"ix":2},"a":{"a":0,"k":[0,0],"ix":1},"s":{"a":0,"k":[100,100],"ix":3},"r":{"a":0,"k":0,"ix":6},"o":{"a":0,"k":100,"ix":7},"sk":{"a":0,"k":0,"ix":4},"sa":{"a":0,"k":0,"ix":5},"nm":"Transform"}],"nm":"Group 6","np":2,"cix":2,"bm":0,"ix":6,"mn":"ADBE Vector Group","hd":false},{"ty":"gr","it":[{"ind":0,"ty":"sh","ix":1,"ks":{"a":0,"k":{"i":[[0,-0.69],[0.15,-0.64],[1.16,-1.16],[2.47,0],[0,0],[0.9,3.97],[0,0.69],[-0.15,0.64],[-1.01,1.11],[-0.1,0.1],[-0.87,0.43],[-1.43,0],[0,0],[-0.01,-0.05],[-0.02,0.04],[0,0],[-0.04,-0.04],[-0.01,0.05],[0,0],[-1.19,-0.6],[-0.74,-0.82],[-0.34,-1.52]],"o":[[0,0.69],[-0.38,1.66],[-1.62,1.62],[0,0],[-4.24,0],[-0.15,-0.64],[0,-0.69],[0.34,-1.52],[0.1,-0.11],[0.68,-0.68],[1.19,-0.6],[0,0],[0.01,0.04],[0.04,-0.04],[0,0],[0.02,0.04],[0.02,-0.05],[0,0],[1.43,0],[1.01,0.5],[1.01,1.11],[0.15,0.64]],"v":[[64,0],[63.77,2],[61.39,6.31],[55.07,8.93],[-55.07,8.93],[-63.77,2],[-64,0],[-63.77,-2],[-61.68,-6],[-61.38,-6.31],[-59.04,-8],[-55.07,-8.93],[-1.51,-8.93],[-1.48,-8.8],[-1.39,-8.93],[0.65,-8.93],[0.74,-8.8],[0.78,-8.93],[55.07,-8.93],[59.04,-8],[61.68,-6],[63.77,-2]],"c":true},"ix":2},"nm":"Path 1","mn":"ADBE Vector Shape - Group","hd":false},{"ty":"fl","c":{"a":0,"k":[1,1,1,1],"ix":4},"o":{"a":0,"k":100,"ix":5},"r":1,"bm":0,"nm":"Fill 1","mn":"ADBE Vector Graphic - Fill","hd":false},{"ty":"tr","p":{"a":0,"k":[92.25,122.25],"ix":2},"a":{"a":0,"k":[0,0],"ix":1},"s":{"a":0,"k":[100,100],"ix":3},"r":{"a":0,"k":0,"ix":6},"o":{"a":0,"k":100,"ix":7},"sk":{"a":0,"k":0,"ix":4},"sa":{"a":0,"k":0,"ix":5},"nm":"Transform"}],"nm":"Group 7","np":2,"cix":2,"bm":0,"ix":7,"mn":"ADBE Vector Group","hd":false},{"ty":"gr","it":[{"ind":0,"ty":"sh","ix":1,"ks":{"a":0,"k":{"i":[[0,-6.601],[0,0],[2.76,0],[0,0],[0,2.769],[0,0],[-6.6,0],[-0.76,-0.149],[-0.64,-0.249],[-0.63,-0.389],[0,-4.28],[0,0],[-0.01,-0.07],[-7.06,0],[0,0],[-0.1,7.04],[0,0.07],[0,0],[-3.39,2.131],[-0.7,0.271],[-0.69,0.141],[-0.8,0]],"o":[[0,0],[0,2.769],[0,0],[-2.76,0],[0,0],[0,-6.601],[0.8,0],[0.69,0.141],[0.7,0.271],[3.39,2.131],[0,0],[0,0.07],[0.1,7.04],[0,0],[7.06,0],[0.01,-0.07],[0,0],[0,-4.28],[0.63,-0.389],[0.64,-0.249],[0.76,-0.149],[6.6,0]],"v":[[92,-25.11],[92,32.11],[87,37.11],[-87,37.11],[-92,32.11],[-92,-25.11],[-80,-37.11],[-77.66,-36.881],[-75.66,-36.291],[-73.66,-35.291],[-68,-25.11],[-68,4.61],[-67.99,4.81],[-55.07,17.539],[55.07,17.539],[67.99,4.81],[68,4.61],[68,-25.11],[73.66,-35.291],[75.66,-36.291],[77.66,-36.881],[80,-37.11]],"c":true},"ix":2},"nm":"Path 1","mn":"ADBE Vector Shape - Group","hd":false},{"ty":"fl","c":{"a":0,"k":[1,1,1,1],"ix":4},"o":{"a":0,"k":100,"ix":5},"r":1,"bm":0,"nm":"Fill 1","mn":"ADBE Vector Graphic - Fill","hd":false},{"ty":"tr","p":{"a":0,"k":[92.25,117.64],"ix":2},"a":{"a":0,"k":[0,0],"ix":1},"s":{"a":0,"k":[100,100],"ix":3},"r":{"a":0,"k":0,"ix":6},"o":{"a":0,"k":100,"ix":7},"sk":{"a":0,"k":0,"ix":4},"sa":{"a":0,"k":0,"ix":5},"nm":"Transform"}],"nm":"Group 8","np":2,"cix":2,"bm":0,"ix":8,"mn":"ADBE Vector Group","hd":false},{"ty":"gr","it":[{"ind":0,"ty":"sh","ix":1,"ks":{"a":0,"k":{"i":[[-0.01,-0.05],[-0.02,0.04],[0,0]],"o":[[0.04,-0.04],[0,0],[0.01,0.04]],"v":[[-1.115,0.065],[-1.025,-0.065],[-1.145,-0.065]],"c":true},"ix":2},"nm":"Path 1","mn":"ADBE Vector Shape - Group","hd":false},{"ind":1,"ty":"sh","ix":2,"ks":{"a":0,"k":{"i":[[0,0],[-0.04,-0.04],[-0.01,0.05]],"o":[[0.02,0.04],[0.02,-0.05],[0,0]],"v":[[1.015,-0.065],[1.105,0.065],[1.145,-0.065]],"c":true},"ix":2},"nm":"Path 2","mn":"ADBE Vector Shape - Group","hd":false},{"ty":"mm","mm":1,"nm":"Merge Paths 1","mn":"ADBE Vector Filter - Merge","hd":false},{"ty":"fl","c":{"a":0,"k":[1,1,1,1],"ix":4},"o":{"a":0,"k":100,"ix":5},"r":1,"bm":0,"nm":"Fill 1","mn":"ADBE Vector Graphic - Fill","hd":false},{"ty":"tr","p":{"a":0,"k":[91.885,113.385],"ix":2},"a":{"a":0,"k":[0,0],"ix":1},"s":{"a":0,"k":[100,100],"ix":3},"r":{"a":0,"k":0,"ix":6},"o":{"a":0,"k":100,"ix":7},"sk":{"a":0,"k":0,"ix":4},"sa":{"a":0,"k":0,"ix":5},"nm":"Transform"}],"nm":"Group 9","np":4,"cix":2,"bm":0,"ix":9,"mn":"ADBE Vector Group","hd":false},{"ty":"gr","it":[{"ind":0,"ty":"sh","ix":1,"ks":{"a":0,"k":{"i":[[0,-2.21],[0,0],[0,-6.58],[0,0],[0.26,0.2],[3.11,0],[0,0],[0,0],[-3.18,0],[0,0]],"o":[[0,0],[-5.68,2.46],[0,0],[-0.24,-0.23],[-2.231,-1.83],[0,0],[0,0],[0,-2.21],[0,0],[3.18,0]],"v":[[35.66,-20.33],[35.66,-10.74],[26,3.95],[26,24.33],[25.25,23.67],[17.07,20.74],[-35.66,20.74],[-35.66,-20.33],[-29.91,-24.33],[29.9,-24.33]],"c":true},"ix":2},"nm":"Path 1","mn":"ADBE Vector Shape - Group","hd":false},{"ty":"fl","c":{"a":0,"k":[1,1,1,1],"ix":4},"o":{"a":0,"k":100,"ix":5},"r":1,"bm":0,"nm":"Fill 1","mn":"ADBE Vector Graphic - Fill","hd":false},{"ty":"tr","p":{"a":0,"k":[130.25,88.58],"ix":2},"a":{"a":0,"k":[0,0],"ix":1},"s":{"a":0,"k":[100,100],"ix":3},"r":{"a":0,"k":0,"ix":6},"o":{"a":0,"k":100,"ix":7},"sk":{"a":0,"k":0,"ix":4},"sa":{"a":0,"k":0,"ix":5},"nm":"Transform"}],"nm":"Group 10","np":2,"cix":2,"bm":0,"ix":10,"mn":"ADBE Vector Group","hd":false},{"ty":"gr","it":[{"ind":0,"ty":"sh","ix":1,"ks":{"a":0,"k":{"i":[[0,0],[0.019,-0.05],[0.02,0.04]],"o":[[-0.01,0.05],[-0.04,-0.04],[0,0]],"v":[[0.065,-0.065],[0.025,0.065],[-0.065,-0.065]],"c":true},"ix":2},"nm":"Path 1","mn":"ADBE Vector Shape - Group","hd":false},{"ty":"fl","c":{"a":0,"k":[1,1,1,1],"ix":4},"o":{"a":0,"k":100,"ix":5},"r":1,"bm":0,"nm":"Fill 1","mn":"ADBE Vector Graphic - Fill","hd":false},{"ty":"tr","p":{"a":0,"k":[92.965,113.385],"ix":2},"a":{"a":0,"k":[0,0],"ix":1},"s":{"a":0,"k":[100,100],"ix":3},"r":{"a":0,"k":0,"ix":6},"o":{"a":0,"k":100,"ix":7},"sk":{"a":0,"k":0,"ix":4},"sa":{"a":0,"k":0,"ix":5},"nm":"Transform"}],"nm":"Group 11","np":2,"cix":2,"bm":0,"ix":11,"mn":"ADBE Vector Group","hd":false},{"ty":"gr","it":[{"ind":0,"ty":"sh","ix":1,"ks":{"a":0,"k":{"i":[[-0.01,-0.05],[-0.02,0.04],[0,0]],"o":[[0.04,-0.04],[0,0],[0.01,0.04]],"v":[[-1.115,0.065],[-1.025,-0.065],[-1.145,-0.065]],"c":true},"ix":2},"nm":"Path 1","mn":"ADBE Vector Shape - Group","hd":false},{"ind":1,"ty":"sh","ix":2,"ks":{"a":0,"k":{"i":[[0,0],[-0.04,-0.04],[-0.01,0.05]],"o":[[0.02,0.04],[0.02,-0.05],[0,0]],"v":[[1.015,-0.065],[1.105,0.065],[1.145,-0.065]],"c":true},"ix":2},"nm":"Path 2","mn":"ADBE Vector Shape - Group","hd":false},{"ty":"mm","mm":1,"nm":"Merge Paths 1","mn":"ADBE Vector Filter - Merge","hd":false},{"ty":"fl","c":{"a":0,"k":[1,1,1,1],"ix":4},"o":{"a":0,"k":100,"ix":5},"r":1,"bm":0,"nm":"Fill 1","mn":"ADBE Vector Graphic - Fill","hd":false},{"ty":"tr","p":{"a":0,"k":[91.885,113.385],"ix":2},"a":{"a":0,"k":[0,0],"ix":1},"s":{"a":0,"k":[100,100],"ix":3},"r":{"a":0,"k":0,"ix":6},"o":{"a":0,"k":100,"ix":7},"sk":{"a":0,"k":0,"ix":4},"sa":{"a":0,"k":0,"ix":5},"nm":"Transform"}],"nm":"Group 12","np":4,"cix":2,"bm":0,"ix":12,"mn":"ADBE Vector Group","hd":false},{"ty":"gr","it":[{"ind":0,"ty":"sh","ix":1,"ks":{"a":0,"k":{"i":[[0,0],[0.04,-0.04],[0.01,0.04]],"o":[[-0.02,0.04],[-0.01,-0.05],[0,0]],"v":[[0.06,-0.065],[-0.03,0.065],[-0.06,-0.065]],"c":true},"ix":2},"nm":"Path 1","mn":"ADBE Vector Shape - Group","hd":false},{"ty":"fl","c":{"a":0,"k":[1,1,1,1],"ix":4},"o":{"a":0,"k":100,"ix":5},"r":1,"bm":0,"nm":"Fill 1","mn":"ADBE Vector Graphic - Fill","hd":false},{"ty":"tr","p":{"a":0,"k":[90.8,113.385],"ix":2},"a":{"a":0,"k":[0,0],"ix":1},"s":{"a":0,"k":[100,100],"ix":3},"r":{"a":0,"k":0,"ix":6},"o":{"a":0,"k":100,"ix":7},"sk":{"a":0,"k":0,"ix":4},"sa":{"a":0,"k":0,"ix":5},"nm":"Transform"}],"nm":"Group 13","np":2,"cix":2,"bm":0,"ix":13,"mn":"ADBE Vector Group","hd":false},{"ty":"gr","it":[{"ind":0,"ty":"sh","ix":1,"ks":{"a":0,"k":{"i":[[0,-2.21],[0,0],[0,0],[2.23,-1.83],[0.24,-0.23],[0,0],[5.68,2.46],[0,0],[-3.18,0],[0,0]],"o":[[0,0],[0,0],[-3.11,0],[-0.26,0.2],[0,0],[0,-6.58],[0,0],[0,-2.21],[0,0],[3.18,0]],"v":[[35.295,-20.33],[35.295,20.74],[-16.705,20.74],[-24.885,23.67],[-25.635,24.33],[-25.635,3.95],[-35.295,-10.74],[-35.295,-20.33],[-29.535,-24.33],[29.535,-24.33]],"c":true},"ix":2},"nm":"Path 1","mn":"ADBE Vector Shape - Group","hd":false},{"ty":"fl","c":{"a":0,"k":[1,1,1,1],"ix":4},"o":{"a":0,"k":100,"ix":5},"r":1,"bm":0,"nm":"Fill 1","mn":"ADBE Vector Graphic - Fill","hd":false},{"ty":"tr","p":{"a":0,"k":[53.885,88.58],"ix":2},"a":{"a":0,"k":[0,0],"ix":1},"s":{"a":0,"k":[100,100],"ix":3},"r":{"a":0,"k":0,"ix":6},"o":{"a":0,"k":100,"ix":7},"sk":{"a":0,"k":0,"ix":4},"sa":{"a":0,"k":0,"ix":5},"nm":"Transform"}],"nm":"Group 14","np":2,"cix":2,"bm":0,"ix":14,"mn":"ADBE Vector Group","hd":false}],"ip":0,"op":48,"st":0,"bm":0},{"ddd":0,"ind":2,"ty":4,"nm":"clock-hand","sr":1,"ks":{"o":{"a":0,"k":100,"ix":11},"r":{"a":1,"k":[{"i":{"x":[0.667],"y":[1]},"o":{"x":[0.333],"y":[0]},"t":-3,"s":[0]},{"t":45,"s":[360]}],"ix":10},"p":{"a":0,"k":[96,32.09,0],"ix":2},"a":{"a":0,"k":[1.25,11.16,0],"ix":1},"s":{"a":0,"k":[100,100,100],"ix":6}},"ao":0,"ef":[{"ty":5,"nm":"CC Force Motion Blur","np":6,"mn":"CC Force Motion Blur","ix":1,"en":1,"ef":[{"ty":0,"nm":"Motion Blur Samples","mn":"CC Force Motion Blur-0001","ix":1,"v":{"a":0,"k":16,"ix":1}},{"ty":7,"nm":"Override Shutter Angle","mn":"CC Force Motion Blur-0002","ix":2,"v":{"a":0,"k":1,"ix":2}},{"ty":0,"nm":"Shutter Angle","mn":"CC Force Motion Blur-0003","ix":3,"v":{"a":0,"k":180,"ix":3}},{"ty":7,"nm":"Native Motion Blur","mn":"CC Force Motion Blur-0004","ix":4,"v":{"a":0,"k":2,"ix":4}}]}],"shapes":[{"ty":"gr","it":[{"ind":0,"ty":"sh","ix":1,"ks":{"a":0,"k":{"i":[[0.552,0],[0,0.552],[0,0],[-0.552,0],[0,-0.553],[0,0]],"o":[[-0.552,0],[0,0],[0,-0.553],[0.552,0],[0,0],[0,0.552]],"v":[[0,5.911],[-1,4.911],[-1,-4.911],[0,-5.911],[1,-4.911],[1,4.911]],"c":true},"ix":2},"nm":"Path 1","mn":"ADBE Vector Shape - Group","hd":false},{"ty":"fl","c":{"a":0,"k":[1,1,1,1],"ix":4},"o":{"a":0,"k":100,"ix":5},"r":1,"bm":0,"nm":"Fill 1","mn":"ADBE Vector Graphic - Fill","hd":false},{"ty":"tr","p":{"a":0,"k":[1.25,6.16],"ix":2},"a":{"a":0,"k":[0,0],"ix":1},"s":{"a":0,"k":[100,100],"ix":3},"r":{"a":0,"k":0,"ix":6},"o":{"a":0,"k":100,"ix":7},"sk":{"a":0,"k":0,"ix":4},"sa":{"a":0,"k":0,"ix":5},"nm":"Transform"}],"nm":"Group 1","np":2,"cix":2,"bm":0,"ix":1,"mn":"ADBE Vector Group","hd":false}],"ip":0,"op":48,"st":0,"bm":0}],"markers":[]}