{"v":"5.5.8","fr":24,"ip":0,"op":48,"w":192,"h":192,"nm":"housekeeping","ddd":0,"assets":[],"layers":[{"ddd":0,"ind":1,"ty":4,"nm":"main","sr":1,"ks":{"o":{"a":0,"k":100,"ix":11},"r":{"a":0,"k":0,"ix":10},"p":{"a":0,"k":[56.625,113.705,0],"ix":2},"a":{"a":0,"k":[35.235,68.745,0],"ix":1},"s":{"a":0,"k":[100,100,100],"ix":6}},"ao":0,"shapes":[{"ty":"gr","it":[{"ind":0,"ty":"sh","ix":1,"ks":{"a":0,"k":{"i":[[0.34,-0.59],[1.51,0],[0.7,1.23],[0,0.73],[-0.34,0.59],[-1.5,0],[-0.7,-1.229],[0,-0.729]],"o":[[-0.7,1.23],[-1.5,0],[-0.34,-0.59],[0,-0.729],[0.7,-1.229],[1.51,0],[0.34,0.59],[0,0.73]],"v":[[3.525,2.005],[-0.005,4.055],[-3.525,2.005],[-4.055,0.005],[-3.525,-1.995],[-0.005,-4.055],[3.525,-1.995],[4.055,0.005]],"c":true},"ix":2},"nm":"Path 1","mn":"ADBE Vector Shape - Group","hd":false},{"ind":1,"ty":"sh","ix":2,"ks":{"a":0,"k":{"i":[[0.13,0.65],[5.12,0],[1.91,-2.62],[0.34,-1.161],[0.01,-1],[0,0],[-5.79,0],[-0.94,4.84],[0,0.68]],"o":[[-0.93,-4.84],[-3.49,0],[-0.69,0.96],[-0.27,0.909],[0,0],[0,5.79],[5.11,0],[0.12,-0.65],[0,-0.68]],"v":[[10.305,-1.995],[-0.005,-10.495],[-8.495,-6.175],[-10.065,-2.974],[-10.495,-0.095],[-10.495,0.005],[-0.005,10.495],[10.305,2.005],[10.495,0.005]],"c":true},"ix":2},"nm":"Path 2","mn":"ADBE Vector Shape - Group","hd":false},{"ty":"mm","mm":1,"nm":"Merge Paths 1","mn":"ADBE Vector Filter - Merge","hd":false},{"ty":"fl","c":{"a":0,"k":[1,1,1,1],"ix":4},"o":{"a":0,"k":100,"ix":5},"r":1,"bm":0,"nm":"Fill 1","mn":"ADBE Vector Graphic - Fill","hd":false},{"ty":"tr","p":{"a":0,"k":[10.745,126.745],"ix":2},"a":{"a":0,"k":[0,0],"ix":1},"s":{"a":0,"k":[100,100],"ix":3},"r":{"a":0,"k":0,"ix":6},"o":{"a":0,"k":100,"ix":7},"sk":{"a":0,"k":0,"ix":4},"sa":{"a":0,"k":0,"ix":5},"nm":"Transform"}],"nm":"Group 1","np":4,"cix":2,"bm":0,"ix":1,"mn":"ADBE Vector Group","hd":false},{"ty":"gr","it":[{"ind":0,"ty":"sh","ix":1,"ks":{"a":0,"k":{"i":[[0.34,-0.59],[1.51,0],[0.69,1.23],[0,0.73],[-0.34,0.59],[-1.51,0],[-0.69,-1.229],[0,-0.729]],"o":[[-0.69,1.23],[-1.51,0],[-0.34,-0.59],[0,-0.729],[0.69,-1.229],[1.51,0],[0.34,0.59],[0,0.73]],"v":[[3.515,2.005],[-0.005,4.055],[-3.525,2.005],[-4.055,0.005],[-3.525,-1.995],[-0.005,-4.055],[3.515,-1.995],[4.045,0.005]],"c":true},"ix":2},"nm":"Path 1","mn":"ADBE Vector Shape - Group","hd":false},{"ind":1,"ty":"sh","ix":2,"ks":{"a":0,"k":{"i":[[0.27,0.909],[0.69,0.96],[3.49,0],[0.93,-4.84],[0,-0.68],[-0.12,-0.65],[-5.11,0],[0,5.79],[0,0]],"o":[[-0.34,-1.161],[-1.91,-2.62],[-5.11,0],[-0.12,0.65],[0,0.68],[0.94,4.84],[5.8,0],[0,0],[-0.01,-1]],"v":[[10.065,-2.974],[8.495,-6.175],[-0.005,-10.495],[-10.305,-1.995],[-10.495,0.005],[-10.305,2.005],[-0.005,10.495],[10.495,0.005],[10.495,-0.095]],"c":true},"ix":2},"nm":"Path 2","mn":"ADBE Vector Shape - Group","hd":false},{"ty":"mm","mm":1,"nm":"Merge Paths 1","mn":"ADBE Vector Filter - Merge","hd":false},{"ty":"fl","c":{"a":0,"k":[1,1,1,1],"ix":4},"o":{"a":0,"k":100,"ix":5},"r":1,"bm":0,"nm":"Fill 1","mn":"ADBE Vector Graphic - Fill","hd":false},{"ty":"tr","p":{"a":0,"k":[59.725,126.745],"ix":2},"a":{"a":0,"k":[0,0],"ix":1},"s":{"a":0,"k":[100,100],"ix":3},"r":{"a":0,"k":0,"ix":6},"o":{"a":0,"k":100,"ix":7},"sk":{"a":0,"k":0,"ix":4},"sa":{"a":0,"k":0,"ix":5},"nm":"Transform"}],"nm":"Group 2","np":4,"cix":2,"bm":0,"ix":2,"mn":"ADBE Vector Group","hd":false},{"ty":"gr","it":[{"ind":0,"ty":"sh","ix":1,"ks":{"a":0,"k":{"i":[[0,-1.65],[0,0],[3.17,0],[0.98,-7.05],[0,0],[7.32,0],[2.38,-1.73],[0,0],[-1.66,0],[0,0]],"o":[[0,0],[-2.39,-1.73],[-7.31,0],[0,0],[-0.98,-7.05],[-3.17,0],[0,0],[0,-1.65],[0,0],[1.65,0]],"v":[[32.985,-46.53],[32.985,39.79],[24.485,37.03],[10.135,49.53],[-10.135,49.53],[-24.495,37.03],[-32.985,39.79],[-32.985,-46.53],[-29.985,-49.53],[29.985,-49.53]],"c":true},"ix":2},"nm":"Path 1","mn":"ADBE Vector Shape - Group","hd":false},{"ty":"fl","c":{"a":0,"k":[1,1,1,1],"ix":4},"o":{"a":0,"k":100,"ix":5},"r":1,"bm":0,"nm":"Fill 1","mn":"ADBE Vector Graphic - Fill","hd":false},{"ty":"tr","p":{"a":0,"k":[35.235,75.22],"ix":2},"a":{"a":0,"k":[0,0],"ix":1},"s":{"a":0,"k":[100,100],"ix":3},"r":{"a":0,"k":0,"ix":6},"o":{"a":0,"k":100,"ix":7},"sk":{"a":0,"k":0,"ix":4},"sa":{"a":0,"k":0,"ix":5},"nm":"Transform"}],"nm":"Group 3","np":2,"cix":2,"bm":0,"ix":3,"mn":"ADBE Vector Group","hd":false},{"ty":"gr","it":[{"ind":0,"ty":"sh","ix":1,"ks":{"a":0,"k":{"i":[[0,-6.32],[0,0],[0,0],[0,0],[-6.33,0],[0,0]],"o":[[0,0],[0,0],[0,0],[0,-6.32],[0,0],[6.32,0]],"v":[[24.09,0.78],[24.09,10.72],[-24.09,10.72],[-24.09,0.78],[-12.59,-10.72],[12.6,-10.72]],"c":true},"ix":2},"nm":"Path 1","mn":"ADBE Vector Shape - Group","hd":false},{"ty":"fl","c":{"a":0,"k":[1,1,1,1],"ix":4},"o":{"a":0,"k":100,"ix":5},"r":1,"bm":0,"nm":"Fill 1","mn":"ADBE Vector Graphic - Fill","hd":false},{"ty":"tr","p":{"a":0,"k":[35.23,10.97],"ix":2},"a":{"a":0,"k":[0,0],"ix":1},"s":{"a":0,"k":[100,100],"ix":3},"r":{"a":0,"k":0,"ix":6},"o":{"a":0,"k":100,"ix":7},"sk":{"a":0,"k":0,"ix":4},"sa":{"a":0,"k":0,"ix":5},"nm":"Transform"}],"nm":"Group 4","np":2,"cix":2,"bm":0,"ix":4,"mn":"ADBE Vector Group","hd":false}],"ip":0,"op":48,"st":0,"bm":0},{"ddd":0,"ind":2,"ty":4,"nm":"vacuum","sr":1,"ks":{"o":{"a":0,"k":100,"ix":11},"r":{"a":0,"k":0,"ix":10},"p":{"a":1,"k":[{"i":{"x":0.667,"y":1},"o":{"x":0.333,"y":0},"t":0,"s":[92.5,96,0],"to":[0,0,0],"ti":[0,0,0]},{"i":{"x":0.667,"y":0.667},"o":{"x":0.333,"y":0.333},"t":19,"s":[99.5,96,0],"to":[0,0,0],"ti":[0,0,0]},{"i":{"x":0.667,"y":1},"o":{"x":0.333,"y":0},"t":24,"s":[99.5,96,0],"to":[0,0,0],"ti":[0,0,0]},{"t":45,"s":[92.5,96,0]}],"ix":2},"a":{"a":0,"k":[92.06,86.6,0],"ix":1},"s":{"a":0,"k":[100,100,100],"ix":6}},"ao":0,"ef":[{"ty":5,"nm":"CC Force Motion Blur","np":6,"mn":"CC Force Motion Blur","ix":1,"en":1,"ef":[{"ty":0,"nm":"Motion Blur Samples","mn":"CC Force Motion Blur-0001","ix":1,"v":{"a":0,"k":16,"ix":1}},{"ty":7,"nm":"Override Shutter Angle","mn":"CC Force Motion Blur-0002","ix":2,"v":{"a":0,"k":1,"ix":2}},{"ty":0,"nm":"Shutter Angle","mn":"CC Force Motion Blur-0003","ix":3,"v":{"a":0,"k":180,"ix":3}},{"ty":7,"nm":"Native Motion Blur","mn":"CC Force Motion Blur-0004","ix":4,"v":{"a":0,"k":2,"ix":4}}]}],"shapes":[{"ty":"gr","it":[{"ind":0,"ty":"sh","ix":1,"ks":{"a":0,"k":{"i":[[2.76,-1.14],[0,0],[0,0],[0,0],[0.679,0],[0.86,2.09],[0,0],[-2.759,1.141],[0,0],[0,0],[0,0],[-0.691,0],[-0.861,-2.09],[0,0]],"o":[[0,0],[0,0],[0,0],[-0.67,0.28],[-2.14,0],[0,0],[-1.141,-2.761],[0,0],[0,0],[0,0],[0.68,-0.28],[2.139,0],[0,0],[1.14,2.76]],"v":[[8.611,6.54],[7.639,6.94],[-0.451,10.28],[-1.491,10.71],[-3.54,11.12],[-8.579,7.761],[-11.56,0.551],[-8.611,-6.55],[-7.98,-6.81],[0.111,-10.14],[1.48,-10.71],[3.54,-11.12],[8.58,-7.76],[11.561,-0.55]],"c":true},"ix":2},"nm":"Path 1","mn":"ADBE Vector Shape - Group","hd":false},{"ty":"fl","c":{"a":0,"k":[1,1,1,1],"ix":4},"o":{"a":0,"k":100,"ix":5},"r":1,"bm":0,"nm":"Fill 1","mn":"ADBE Vector Graphic - Fill","hd":false},{"ty":"tr","p":{"a":0,"k":[123.23,94.24],"ix":2},"a":{"a":0,"k":[0,0],"ix":1},"s":{"a":0,"k":[100,100],"ix":3},"r":{"a":0,"k":0,"ix":6},"o":{"a":0,"k":100,"ix":7},"sk":{"a":0,"k":0,"ix":4},"sa":{"a":0,"k":0,"ix":5},"nm":"Transform"}],"nm":"Group 1","np":2,"cix":2,"bm":0,"ix":1,"mn":"ADBE Vector Group","hd":false},{"ty":"gr","it":[{"ind":0,"ty":"sh","ix":1,"ks":{"a":0,"k":{"i":[[0,-3.301],[0,0],[3.301,0],[0,0],[0,3.301],[0,0],[-3.299,0],[0,0],[0,0],[0,0],[0,0],[0,0]],"o":[[0,0],[0,3.301],[0,0],[-3.299,0],[0,0],[0,-3.301],[0,0],[0,0],[0,0],[0,0],[0,0],[3.301,0]],"v":[[29.74,26.936],[29.74,28.055],[23.74,34.055],[-12.361,34.055],[-18.361,28.055],[-18.361,26.936],[-12.361,20.936],[-6.99,20.936],[-29.74,-30.706],[-21.65,-34.055],[2.569,20.936],[23.74,20.936]],"c":true},"ix":2},"nm":"Path 1","mn":"ADBE Vector Shape - Group","hd":false},{"ty":"fl","c":{"a":0,"k":[1,1,1,1],"ix":4},"o":{"a":0,"k":100,"ix":5},"r":1,"bm":0,"nm":"Fill 1","mn":"ADBE Vector Graphic - Fill","hd":false},{"ty":"tr","p":{"a":0,"k":[154.13,138.895],"ix":2},"a":{"a":0,"k":[0,0],"ix":1},"s":{"a":0,"k":[100,100],"ix":3},"r":{"a":0,"k":0,"ix":6},"o":{"a":0,"k":100,"ix":7},"sk":{"a":0,"k":0,"ix":4},"sa":{"a":0,"k":0,"ix":5},"nm":"Transform"}],"nm":"Group 2","np":2,"cix":2,"bm":0,"ix":2,"mn":"ADBE Vector Group","hd":false},{"ty":"gr","it":[{"ind":0,"ty":"sh","ix":1,"ks":{"a":0,"k":{"i":[[0,0],[0,0],[0,0],[0,0],[0.04,0.12],[18.93,0],[0,-24.71],[-4.25,-6.91],[-0.7,-0.97],[-0.7,-0.82],[-13.15,0],[-3.45,0.9],[0,0],[-0.06,-0.48],[3.72,0],[9.01,7.469],[0.65,0.601],[0.65,0.66],[0,14.8],[-28.91,0],[-7.26,-20.7]],"o":[[0,0],[0,0],[0,0],[-0.04,-0.13],[-6.05,-17.31],[-24.09,0],[0,8.75],[0.63,1.02],[0.64,0.87],[8.02,9.459],[3.72,0],[0,0],[0,0.5],[-3.5,0.77],[-12.49,0],[-0.68,-0.56],[-0.68,-0.619],[-9.54,-9.7],[0,-29.53],[22.73,0],[0,0]],"v":[[60.735,26.63],[52.655,29.97],[43.395,8.96],[32.964,-14.71],[32.835,-15.08],[-8.305,-44.81],[-51.995,0.01],[-45.285,23.84],[-43.285,26.83],[-41.285,29.36],[-8.305,44.81],[2.465,43.43],[2.465,50.92],[2.555,52.39],[-8.305,53.55],[-41.285,41.6],[-43.285,39.859],[-45.285,37.93],[-60.735,0.01],[-8.305,-53.55],[41.075,-18.01]],"c":true},"ix":2},"nm":"Path 1","mn":"ADBE Vector Shape - Group","hd":false},{"ty":"fl","c":{"a":0,"k":[1,1,1,1],"ix":4},"o":{"a":0,"k":100,"ix":5},"r":1,"bm":0,"nm":"Fill 1","mn":"ADBE Vector Graphic - Fill","hd":false},{"ty":"tr","p":{"a":0,"k":[60.985,53.8],"ix":2},"a":{"a":0,"k":[0,0],"ix":1},"s":{"a":0,"k":[100,100],"ix":3},"r":{"a":0,"k":0,"ix":6},"o":{"a":0,"k":100,"ix":7},"sk":{"a":0,"k":0,"ix":4},"sa":{"a":0,"k":0,"ix":5},"nm":"Transform"}],"nm":"Group 3","np":2,"cix":2,"bm":0,"ix":3,"mn":"ADBE Vector Group","hd":false}],"ip":0,"op":48,"st":0,"bm":0}],"markers":[]}