{"v":"5.5.8","fr":24,"ip":0,"op":29,"w":192,"h":192,"nm":"IT","ddd":0,"assets":[],"layers":[{"ddd":0,"ind":1,"ty":4,"nm":"scene1","sr":1,"ks":{"o":{"a":1,"k":[{"i":{"x":[0.667],"y":[1]},"o":{"x":[0.333],"y":[0]},"t":0,"s":[0]},{"i":{"x":[0.667],"y":[1]},"o":{"x":[0.333],"y":[0]},"t":4,"s":[100]},{"t":8,"s":[0]}],"ix":11},"r":{"a":0,"k":0,"ix":10},"p":{"a":0,"k":[102.98,73.545,0],"ix":2},"a":{"a":0,"k":[72.549,31.941,0],"ix":1},"s":{"a":0,"k":[100,100,100],"ix":6}},"ao":0,"ef":[{"ty":5,"nm":"CC Force Motion Blur","np":6,"mn":"CC Force Motion Blur","ix":1,"en":1,"ef":[{"ty":0,"nm":"Motion Blur Samples","mn":"CC Force Motion Blur-0001","ix":1,"v":{"a":0,"k":16,"ix":1}},{"ty":7,"nm":"Override Shutter Angle","mn":"CC Force Motion Blur-0002","ix":2,"v":{"a":0,"k":1,"ix":2}},{"ty":0,"nm":"Shutter Angle","mn":"CC Force Motion Blur-0003","ix":3,"v":{"a":0,"k":180,"ix":3}},{"ty":7,"nm":"Native Motion Blur","mn":"CC Force Motion Blur-0004","ix":4,"v":{"a":0,"k":2,"ix":4}}]}],"shapes":[{"ty":"gr","it":[{"ind":0,"ty":"sh","ix":1,"ks":{"a":0,"k":{"i":[[0,0.499],[-0.499,0],[0,-0.498],[0.498,0]],"o":[[0,-0.498],[0.498,0],[0,0.499],[-0.499,0]],"v":[[-0.903,0],[0,-0.903],[0.904,0],[0,0.903]],"c":true},"ix":2},"nm":"Path 1","mn":"ADBE Vector Shape - Group","hd":false},{"ty":"fl","c":{"a":0,"k":[1,1,1,1],"ix":4},"o":{"a":0,"k":100,"ix":5},"r":1,"bm":0,"nm":"Fill 1","mn":"ADBE Vector Graphic - Fill","hd":false},{"ty":"tr","p":{"a":0,"k":[134.549,61.915],"ix":2},"a":{"a":0,"k":[0,0],"ix":1},"s":{"a":0,"k":[100,100],"ix":3},"r":{"a":0,"k":0,"ix":6},"o":{"a":0,"k":100,"ix":7},"sk":{"a":0,"k":0,"ix":4},"sa":{"a":0,"k":0,"ix":5},"nm":"Transform"}],"nm":"Group 1","np":2,"cix":2,"bm":0,"ix":1,"mn":"ADBE Vector Group","hd":false},{"ty":"gr","it":[{"ind":0,"ty":"sh","ix":1,"ks":{"a":0,"k":{"i":[[0,0.499],[-0.499,0],[0,-0.499],[0.499,0]],"o":[[0,-0.499],[0.499,0],[0,0.499],[-0.499,0]],"v":[[-0.904,0],[-0.001,-0.903],[0.904,0],[-0.001,0.903]],"c":true},"ix":2},"nm":"Path 1","mn":"ADBE Vector Shape - Group","hd":false},{"ty":"fl","c":{"a":0,"k":[1,1,1,1],"ix":4},"o":{"a":0,"k":100,"ix":5},"r":1,"bm":0,"nm":"Fill 1","mn":"ADBE Vector Graphic - Fill","hd":false},{"ty":"tr","p":{"a":0,"k":[125.154,48.561],"ix":2},"a":{"a":0,"k":[0,0],"ix":1},"s":{"a":0,"k":[100,100],"ix":3},"r":{"a":0,"k":0,"ix":6},"o":{"a":0,"k":100,"ix":7},"sk":{"a":0,"k":0,"ix":4},"sa":{"a":0,"k":0,"ix":5},"nm":"Transform"}],"nm":"Group 2","np":2,"cix":2,"bm":0,"ix":2,"mn":"ADBE Vector Group","hd":false},{"ty":"gr","it":[{"ind":0,"ty":"sh","ix":1,"ks":{"a":0,"k":{"i":[[0,0.641],[-0.641,0],[0,-0.642],[0.641,0]],"o":[[0,-0.642],[0.641,0],[0,0.641],[-0.641,0]],"v":[[-1.161,0.001],[0.001,-1.161],[1.161,0.001],[0.001,1.161]],"c":true},"ix":2},"nm":"Path 1","mn":"ADBE Vector Shape - Group","hd":false},{"ty":"fl","c":{"a":0,"k":[1,1,1,1],"ix":4},"o":{"a":0,"k":100,"ix":5},"r":1,"bm":0,"nm":"Fill 1","mn":"ADBE Vector Graphic - Fill","hd":false},{"ty":"tr","p":{"a":0,"k":[62.649,62.471],"ix":2},"a":{"a":0,"k":[0,0],"ix":1},"s":{"a":0,"k":[100,100],"ix":3},"r":{"a":0,"k":0,"ix":6},"o":{"a":0,"k":100,"ix":7},"sk":{"a":0,"k":0,"ix":4},"sa":{"a":0,"k":0,"ix":5},"nm":"Transform"}],"nm":"Group 3","np":2,"cix":2,"bm":0,"ix":3,"mn":"ADBE Vector Group","hd":false},{"ty":"gr","it":[{"ind":0,"ty":"sh","ix":1,"ks":{"a":0,"k":{"i":[[0,0.641],[-0.641,0],[0,-0.641],[0.641,0]],"o":[[0,-0.641],[0.641,0],[0,0.641],[-0.641,0]],"v":[[-1.161,0],[0.001,-1.161],[1.161,0],[0.001,1.161]],"c":true},"ix":2},"nm":"Path 1","mn":"ADBE Vector Shape - Group","hd":false},{"ty":"fl","c":{"a":0,"k":[1,1,1,1],"ix":4},"o":{"a":0,"k":100,"ix":5},"r":1,"bm":0,"nm":"Fill 1","mn":"ADBE Vector Graphic - Fill","hd":false},{"ty":"tr","p":{"a":0,"k":[62.649,46.681],"ix":2},"a":{"a":0,"k":[0,0],"ix":1},"s":{"a":0,"k":[100,100],"ix":3},"r":{"a":0,"k":0,"ix":6},"o":{"a":0,"k":100,"ix":7},"sk":{"a":0,"k":0,"ix":4},"sa":{"a":0,"k":0,"ix":5},"nm":"Transform"}],"nm":"Group 4","np":2,"cix":2,"bm":0,"ix":4,"mn":"ADBE Vector Group","hd":false},{"ty":"gr","it":[{"ind":0,"ty":"sh","ix":1,"ks":{"a":0,"k":{"i":[[0,0.641],[-0.641,0],[0,-0.641],[0.641,0]],"o":[[0,-0.641],[0.641,0],[0,0.641],[-0.641,0]],"v":[[-1.161,0],[0.001,-1.161],[1.161,0],[0.001,1.161]],"c":true},"ix":2},"nm":"Path 1","mn":"ADBE Vector Shape - Group","hd":false},{"ty":"fl","c":{"a":0,"k":[1,1,1,1],"ix":4},"o":{"a":0,"k":100,"ix":5},"r":1,"bm":0,"nm":"Fill 1","mn":"ADBE Vector Graphic - Fill","hd":false},{"ty":"tr","p":{"a":0,"k":[62.649,17.201],"ix":2},"a":{"a":0,"k":[0,0],"ix":1},"s":{"a":0,"k":[100,100],"ix":3},"r":{"a":0,"k":0,"ix":6},"o":{"a":0,"k":100,"ix":7},"sk":{"a":0,"k":0,"ix":4},"sa":{"a":0,"k":0,"ix":5},"nm":"Transform"}],"nm":"Group 5","np":2,"cix":2,"bm":0,"ix":5,"mn":"ADBE Vector Group","hd":false},{"ty":"gr","it":[{"ind":0,"ty":"sh","ix":1,"ks":{"a":0,"k":{"i":[[0,0.641],[-0.641,0],[0,-0.641],[0.641,0]],"o":[[0,-0.641],[0.641,0],[0,0.641],[-0.641,0]],"v":[[-1.161,0],[0.001,-1.161],[1.161,0],[0.001,1.161]],"c":true},"ix":2},"nm":"Path 1","mn":"ADBE Vector Shape - Group","hd":false},{"ty":"fl","c":{"a":0,"k":[1,1,1,1],"ix":4},"o":{"a":0,"k":100,"ix":5},"r":1,"bm":0,"nm":"Fill 1","mn":"ADBE Vector Graphic - Fill","hd":false},{"ty":"tr","p":{"a":0,"k":[62.649,1.411],"ix":2},"a":{"a":0,"k":[0,0],"ix":1},"s":{"a":0,"k":[100,100],"ix":3},"r":{"a":0,"k":0,"ix":6},"o":{"a":0,"k":100,"ix":7},"sk":{"a":0,"k":0,"ix":4},"sa":{"a":0,"k":0,"ix":5},"nm":"Transform"}],"nm":"Group 6","np":2,"cix":2,"bm":0,"ix":6,"mn":"ADBE Vector Group","hd":false},{"ty":"gr","it":[{"ind":0,"ty":"sh","ix":1,"ks":{"a":0,"k":{"i":[[0,0.499],[-0.499,0],[0,-0.499],[0.498,0]],"o":[[0,-0.499],[0.498,0],[0,0.499],[-0.499,0]],"v":[[-0.903,0],[0,-0.903],[0.904,0],[0,0.903]],"c":true},"ix":2},"nm":"Path 1","mn":"ADBE Vector Shape - Group","hd":false},{"ty":"fl","c":{"a":0,"k":[1,1,1,1],"ix":4},"o":{"a":0,"k":100,"ix":5},"r":1,"bm":0,"nm":"Fill 1","mn":"ADBE Vector Graphic - Fill","hd":false},{"ty":"tr","p":{"a":0,"k":[134.549,23.626],"ix":2},"a":{"a":0,"k":[0,0],"ix":1},"s":{"a":0,"k":[100,100],"ix":3},"r":{"a":0,"k":0,"ix":6},"o":{"a":0,"k":100,"ix":7},"sk":{"a":0,"k":0,"ix":4},"sa":{"a":0,"k":0,"ix":5},"nm":"Transform"}],"nm":"Group 7","np":2,"cix":2,"bm":0,"ix":7,"mn":"ADBE Vector Group","hd":false},{"ty":"gr","it":[{"ind":0,"ty":"sh","ix":1,"ks":{"a":0,"k":{"i":[[0,0.499],[-0.499,0],[0,-0.499],[0.499,0]],"o":[[0,-0.499],[0.499,0],[0,0.499],[-0.499,0]],"v":[[-0.903,0],[0,-0.903],[0.904,0],[0,0.903]],"c":true},"ix":2},"nm":"Path 1","mn":"ADBE Vector Shape - Group","hd":false},{"ty":"fl","c":{"a":0,"k":[1,1,1,1],"ix":4},"o":{"a":0,"k":100,"ix":5},"r":1,"bm":0,"nm":"Fill 1","mn":"ADBE Vector Graphic - Fill","hd":false},{"ty":"tr","p":{"a":0,"k":[143.944,10.271],"ix":2},"a":{"a":0,"k":[0,0],"ix":1},"s":{"a":0,"k":[100,100],"ix":3},"r":{"a":0,"k":0,"ix":6},"o":{"a":0,"k":100,"ix":7},"sk":{"a":0,"k":0,"ix":4},"sa":{"a":0,"k":0,"ix":5},"nm":"Transform"}],"nm":"Group 8","np":2,"cix":2,"bm":0,"ix":8,"mn":"ADBE Vector Group","hd":false},{"ty":"gr","it":[{"ind":0,"ty":"sh","ix":1,"ks":{"a":0,"k":{"i":[[0,0.499],[0.499,0],[0,-0.498],[-0.499,0]],"o":[[0,-0.498],[-0.499,0],[0,0.499],[0.499,0]],"v":[[0.904,0],[0.001,-0.903],[-0.904,0],[0.001,0.903]],"c":true},"ix":2},"nm":"Path 1","mn":"ADBE Vector Shape - Group","hd":false},{"ty":"fl","c":{"a":0,"k":[1,1,1,1],"ix":4},"o":{"a":0,"k":100,"ix":5},"r":1,"bm":0,"nm":"Fill 1","mn":"ADBE Vector Graphic - Fill","hd":false},{"ty":"tr","p":{"a":0,"k":[10.548,61.915],"ix":2},"a":{"a":0,"k":[0,0],"ix":1},"s":{"a":0,"k":[100,100],"ix":3},"r":{"a":0,"k":0,"ix":6},"o":{"a":0,"k":100,"ix":7},"sk":{"a":0,"k":0,"ix":4},"sa":{"a":0,"k":0,"ix":5},"nm":"Transform"}],"nm":"Group 9","np":2,"cix":2,"bm":0,"ix":9,"mn":"ADBE Vector Group","hd":false},{"ty":"gr","it":[{"ind":0,"ty":"sh","ix":1,"ks":{"a":0,"k":{"i":[[0,0.499],[0.499,0],[0,-0.499],[-0.499,0]],"o":[[0,-0.499],[-0.499,0],[0,0.499],[0.499,0]],"v":[[0.904,0],[0.001,-0.903],[-0.904,0],[0.001,0.903]],"c":true},"ix":2},"nm":"Path 1","mn":"ADBE Vector Shape - Group","hd":false},{"ty":"fl","c":{"a":0,"k":[1,1,1,1],"ix":4},"o":{"a":0,"k":100,"ix":5},"r":1,"bm":0,"nm":"Fill 1","mn":"ADBE Vector Graphic - Fill","hd":false},{"ty":"tr","p":{"a":0,"k":[19.943,48.561],"ix":2},"a":{"a":0,"k":[0,0],"ix":1},"s":{"a":0,"k":[100,100],"ix":3},"r":{"a":0,"k":0,"ix":6},"o":{"a":0,"k":100,"ix":7},"sk":{"a":0,"k":0,"ix":4},"sa":{"a":0,"k":0,"ix":5},"nm":"Transform"}],"nm":"Group 10","np":2,"cix":2,"bm":0,"ix":10,"mn":"ADBE Vector Group","hd":false},{"ty":"gr","it":[{"ind":0,"ty":"sh","ix":1,"ks":{"a":0,"k":{"i":[[0,0.499],[0.499,0],[0,-0.499],[-0.499,0]],"o":[[0,-0.499],[-0.499,0],[0,0.499],[0.499,0]],"v":[[0.904,0],[0.001,-0.903],[-0.904,0],[0.001,0.903]],"c":true},"ix":2},"nm":"Path 1","mn":"ADBE Vector Shape - Group","hd":false},{"ty":"fl","c":{"a":0,"k":[1,1,1,1],"ix":4},"o":{"a":0,"k":100,"ix":5},"r":1,"bm":0,"nm":"Fill 1","mn":"ADBE Vector Graphic - Fill","hd":false},{"ty":"tr","p":{"a":0,"k":[10.548,23.626],"ix":2},"a":{"a":0,"k":[0,0],"ix":1},"s":{"a":0,"k":[100,100],"ix":3},"r":{"a":0,"k":0,"ix":6},"o":{"a":0,"k":100,"ix":7},"sk":{"a":0,"k":0,"ix":4},"sa":{"a":0,"k":0,"ix":5},"nm":"Transform"}],"nm":"Group 11","np":2,"cix":2,"bm":0,"ix":11,"mn":"ADBE Vector Group","hd":false},{"ty":"gr","it":[{"ind":0,"ty":"sh","ix":1,"ks":{"a":0,"k":{"i":[[0,0.499],[0.499,0],[0,-0.499],[-0.499,0]],"o":[[0,-0.499],[-0.499,0],[0,0.499],[0.499,0]],"v":[[0.904,0],[0.001,-0.903],[-0.904,0],[0.001,0.903]],"c":true},"ix":2},"nm":"Path 1","mn":"ADBE Vector Shape - Group","hd":false},{"ty":"fl","c":{"a":0,"k":[1,1,1,1],"ix":4},"o":{"a":0,"k":100,"ix":5},"r":1,"bm":0,"nm":"Fill 1","mn":"ADBE Vector Graphic - Fill","hd":false},{"ty":"tr","p":{"a":0,"k":[1.153,10.271],"ix":2},"a":{"a":0,"k":[0,0],"ix":1},"s":{"a":0,"k":[100,100],"ix":3},"r":{"a":0,"k":0,"ix":6},"o":{"a":0,"k":100,"ix":7},"sk":{"a":0,"k":0,"ix":4},"sa":{"a":0,"k":0,"ix":5},"nm":"Transform"}],"nm":"Group 12","np":2,"cix":2,"bm":0,"ix":12,"mn":"ADBE Vector Group","hd":false}],"ip":0,"op":29,"st":0,"bm":0},{"ddd":0,"ind":2,"ty":4,"nm":"scene2","sr":1,"ks":{"o":{"a":1,"k":[{"i":{"x":[0.667],"y":[1]},"o":{"x":[0.333],"y":[0]},"t":10,"s":[0]},{"i":{"x":[0.667],"y":[1]},"o":{"x":[0.333],"y":[0]},"t":14,"s":[100]},{"t":18,"s":[0]}],"ix":11},"r":{"a":0,"k":0,"ix":10},"p":{"a":0,"k":[102.98,73.545,0],"ix":2},"a":{"a":0,"k":[72.549,31.941,0],"ix":1},"s":{"a":0,"k":[100,100,100],"ix":6}},"ao":0,"ef":[{"ty":5,"nm":"CC Force Motion Blur","np":6,"mn":"CC Force Motion Blur","ix":1,"en":1,"ef":[{"ty":0,"nm":"Motion Blur Samples","mn":"CC Force Motion Blur-0001","ix":1,"v":{"a":0,"k":16,"ix":1}},{"ty":7,"nm":"Override Shutter Angle","mn":"CC Force Motion Blur-0002","ix":2,"v":{"a":0,"k":1,"ix":2}},{"ty":0,"nm":"Shutter Angle","mn":"CC Force Motion Blur-0003","ix":3,"v":{"a":0,"k":180,"ix":3}},{"ty":7,"nm":"Native Motion Blur","mn":"CC Force Motion Blur-0004","ix":4,"v":{"a":0,"k":2,"ix":4}}]}],"shapes":[{"ty":"gr","it":[{"ind":0,"ty":"sh","ix":1,"ks":{"a":0,"k":{"i":[[0,0.499],[-0.499,0],[0,-0.498],[0.499,0]],"o":[[0,-0.498],[0.499,0],[0,0.499],[-0.499,0]],"v":[[-0.903,0],[0,-0.903],[0.904,0],[0,0.903]],"c":true},"ix":2},"nm":"Path 1","mn":"ADBE Vector Shape - Group","hd":false},{"ty":"fl","c":{"a":0,"k":[1,1,1,1],"ix":4},"o":{"a":0,"k":100,"ix":5},"r":1,"bm":0,"nm":"Fill 1","mn":"ADBE Vector Graphic - Fill","hd":false},{"ty":"tr","p":{"a":0,"k":[143.944,61.915],"ix":2},"a":{"a":0,"k":[0,0],"ix":1},"s":{"a":0,"k":[100,100],"ix":3},"r":{"a":0,"k":0,"ix":6},"o":{"a":0,"k":100,"ix":7},"sk":{"a":0,"k":0,"ix":4},"sa":{"a":0,"k":0,"ix":5},"nm":"Transform"}],"nm":"Group 1","np":2,"cix":2,"bm":0,"ix":1,"mn":"ADBE Vector Group","hd":false},{"ty":"gr","it":[{"ind":0,"ty":"sh","ix":1,"ks":{"a":0,"k":{"i":[[0,0.499],[-0.499,0],[0,-0.499],[0.498,0]],"o":[[0,-0.499],[0.498,0],[0,0.499],[-0.499,0]],"v":[[-0.903,0],[0,-0.903],[0.904,0],[0,0.903]],"c":true},"ix":2},"nm":"Path 1","mn":"ADBE Vector Shape - Group","hd":false},{"ty":"fl","c":{"a":0,"k":[1,1,1,1],"ix":4},"o":{"a":0,"k":100,"ix":5},"r":1,"bm":0,"nm":"Fill 1","mn":"ADBE Vector Graphic - Fill","hd":false},{"ty":"tr","p":{"a":0,"k":[134.549,48.591],"ix":2},"a":{"a":0,"k":[0,0],"ix":1},"s":{"a":0,"k":[100,100],"ix":3},"r":{"a":0,"k":0,"ix":6},"o":{"a":0,"k":100,"ix":7},"sk":{"a":0,"k":0,"ix":4},"sa":{"a":0,"k":0,"ix":5},"nm":"Transform"}],"nm":"Group 2","np":2,"cix":2,"bm":0,"ix":2,"mn":"ADBE Vector Group","hd":false},{"ty":"gr","it":[{"ind":0,"ty":"sh","ix":1,"ks":{"a":0,"k":{"i":[[0,0.641],[-0.64,0],[0,-0.642],[0.642,0]],"o":[[0,-0.642],[0.642,0],[0,0.641],[-0.64,0]],"v":[[-1.161,0.001],[-0.001,-1.161],[1.161,0.001],[-0.001,1.161]],"c":true},"ix":2},"nm":"Path 1","mn":"ADBE Vector Shape - Group","hd":false},{"ty":"fl","c":{"a":0,"k":[1,1,1,1],"ix":4},"o":{"a":0,"k":100,"ix":5},"r":1,"bm":0,"nm":"Fill 1","mn":"ADBE Vector Graphic - Fill","hd":false},{"ty":"tr","p":{"a":0,"k":[73.754,62.471],"ix":2},"a":{"a":0,"k":[0,0],"ix":1},"s":{"a":0,"k":[100,100],"ix":3},"r":{"a":0,"k":0,"ix":6},"o":{"a":0,"k":100,"ix":7},"sk":{"a":0,"k":0,"ix":4},"sa":{"a":0,"k":0,"ix":5},"nm":"Transform"}],"nm":"Group 3","np":2,"cix":2,"bm":0,"ix":3,"mn":"ADBE Vector Group","hd":false},{"ty":"gr","it":[{"ind":0,"ty":"sh","ix":1,"ks":{"a":0,"k":{"i":[[0,0.641],[-0.64,0],[0,-0.641],[0.642,0]],"o":[[0,-0.641],[0.642,0],[0,0.641],[-0.64,0]],"v":[[-1.161,0],[-0.001,-1.161],[1.161,0],[-0.001,1.161]],"c":true},"ix":2},"nm":"Path 1","mn":"ADBE Vector Shape - Group","hd":false},{"ty":"fl","c":{"a":0,"k":[1,1,1,1],"ix":4},"o":{"a":0,"k":100,"ix":5},"r":1,"bm":0,"nm":"Fill 1","mn":"ADBE Vector Graphic - Fill","hd":false},{"ty":"tr","p":{"a":0,"k":[73.754,46.681],"ix":2},"a":{"a":0,"k":[0,0],"ix":1},"s":{"a":0,"k":[100,100],"ix":3},"r":{"a":0,"k":0,"ix":6},"o":{"a":0,"k":100,"ix":7},"sk":{"a":0,"k":0,"ix":4},"sa":{"a":0,"k":0,"ix":5},"nm":"Transform"}],"nm":"Group 4","np":2,"cix":2,"bm":0,"ix":4,"mn":"ADBE Vector Group","hd":false},{"ty":"gr","it":[{"ind":0,"ty":"sh","ix":1,"ks":{"a":0,"k":{"i":[[0,0.641],[-0.64,0],[0,-0.641],[0.642,0]],"o":[[0,-0.641],[0.642,0],[0,0.641],[-0.64,0]],"v":[[-1.161,0],[-0.001,-1.161],[1.161,0],[-0.001,1.161]],"c":true},"ix":2},"nm":"Path 1","mn":"ADBE Vector Shape - Group","hd":false},{"ty":"fl","c":{"a":0,"k":[1,1,1,1],"ix":4},"o":{"a":0,"k":100,"ix":5},"r":1,"bm":0,"nm":"Fill 1","mn":"ADBE Vector Graphic - Fill","hd":false},{"ty":"tr","p":{"a":0,"k":[73.754,17.201],"ix":2},"a":{"a":0,"k":[0,0],"ix":1},"s":{"a":0,"k":[100,100],"ix":3},"r":{"a":0,"k":0,"ix":6},"o":{"a":0,"k":100,"ix":7},"sk":{"a":0,"k":0,"ix":4},"sa":{"a":0,"k":0,"ix":5},"nm":"Transform"}],"nm":"Group 5","np":2,"cix":2,"bm":0,"ix":5,"mn":"ADBE Vector Group","hd":false},{"ty":"gr","it":[{"ind":0,"ty":"sh","ix":1,"ks":{"a":0,"k":{"i":[[0,0.641],[-0.64,0],[0,-0.641],[0.642,0]],"o":[[0,-0.641],[0.642,0],[0,0.641],[-0.64,0]],"v":[[-1.161,0],[-0.001,-1.161],[1.161,0],[-0.001,1.161]],"c":true},"ix":2},"nm":"Path 1","mn":"ADBE Vector Shape - Group","hd":false},{"ty":"fl","c":{"a":0,"k":[1,1,1,1],"ix":4},"o":{"a":0,"k":100,"ix":5},"r":1,"bm":0,"nm":"Fill 1","mn":"ADBE Vector Graphic - Fill","hd":false},{"ty":"tr","p":{"a":0,"k":[73.754,1.411],"ix":2},"a":{"a":0,"k":[0,0],"ix":1},"s":{"a":0,"k":[100,100],"ix":3},"r":{"a":0,"k":0,"ix":6},"o":{"a":0,"k":100,"ix":7},"sk":{"a":0,"k":0,"ix":4},"sa":{"a":0,"k":0,"ix":5},"nm":"Transform"}],"nm":"Group 6","np":2,"cix":2,"bm":0,"ix":6,"mn":"ADBE Vector Group","hd":false},{"ty":"gr","it":[{"ind":0,"ty":"sh","ix":1,"ks":{"a":0,"k":{"i":[[0,0.499],[-0.499,0],[0,-0.499],[0.499,0]],"o":[[0,-0.499],[0.499,0],[0,0.499],[-0.499,0]],"v":[[-0.903,0],[0,-0.903],[0.904,0],[0,0.903]],"c":true},"ix":2},"nm":"Path 1","mn":"ADBE Vector Shape - Group","hd":false},{"ty":"fl","c":{"a":0,"k":[1,1,1,1],"ix":4},"o":{"a":0,"k":100,"ix":5},"r":1,"bm":0,"nm":"Fill 1","mn":"ADBE Vector Graphic - Fill","hd":false},{"ty":"tr","p":{"a":0,"k":[143.944,23.626],"ix":2},"a":{"a":0,"k":[0,0],"ix":1},"s":{"a":0,"k":[100,100],"ix":3},"r":{"a":0,"k":0,"ix":6},"o":{"a":0,"k":100,"ix":7},"sk":{"a":0,"k":0,"ix":4},"sa":{"a":0,"k":0,"ix":5},"nm":"Transform"}],"nm":"Group 7","np":2,"cix":2,"bm":0,"ix":7,"mn":"ADBE Vector Group","hd":false},{"ty":"gr","it":[{"ind":0,"ty":"sh","ix":1,"ks":{"a":0,"k":{"i":[[0,0.499],[-0.499,0],[0,-0.499],[0.499,0]],"o":[[0,-0.499],[0.499,0],[0,0.499],[-0.499,0]],"v":[[-0.904,0],[-0.001,-0.903],[0.904,0],[-0.001,0.903]],"c":true},"ix":2},"nm":"Path 1","mn":"ADBE Vector Shape - Group","hd":false},{"ty":"fl","c":{"a":0,"k":[1,1,1,1],"ix":4},"o":{"a":0,"k":100,"ix":5},"r":1,"bm":0,"nm":"Fill 1","mn":"ADBE Vector Graphic - Fill","hd":false},{"ty":"tr","p":{"a":0,"k":[125.154,10.271],"ix":2},"a":{"a":0,"k":[0,0],"ix":1},"s":{"a":0,"k":[100,100],"ix":3},"r":{"a":0,"k":0,"ix":6},"o":{"a":0,"k":100,"ix":7},"sk":{"a":0,"k":0,"ix":4},"sa":{"a":0,"k":0,"ix":5},"nm":"Transform"}],"nm":"Group 8","np":2,"cix":2,"bm":0,"ix":8,"mn":"ADBE Vector Group","hd":false},{"ty":"gr","it":[{"ind":0,"ty":"sh","ix":1,"ks":{"a":0,"k":{"i":[[0,0.499],[0.499,0],[0,-0.498],[-0.499,0]],"o":[[0,-0.498],[-0.499,0],[0,0.499],[0.499,0]],"v":[[0.904,0],[0.001,-0.903],[-0.904,0],[0.001,0.903]],"c":true},"ix":2},"nm":"Path 1","mn":"ADBE Vector Shape - Group","hd":false},{"ty":"fl","c":{"a":0,"k":[1,1,1,1],"ix":4},"o":{"a":0,"k":100,"ix":5},"r":1,"bm":0,"nm":"Fill 1","mn":"ADBE Vector Graphic - Fill","hd":false},{"ty":"tr","p":{"a":0,"k":[19.943,61.915],"ix":2},"a":{"a":0,"k":[0,0],"ix":1},"s":{"a":0,"k":[100,100],"ix":3},"r":{"a":0,"k":0,"ix":6},"o":{"a":0,"k":100,"ix":7},"sk":{"a":0,"k":0,"ix":4},"sa":{"a":0,"k":0,"ix":5},"nm":"Transform"}],"nm":"Group 9","np":2,"cix":2,"bm":0,"ix":9,"mn":"ADBE Vector Group","hd":false},{"ty":"gr","it":[{"ind":0,"ty":"sh","ix":1,"ks":{"a":0,"k":{"i":[[0,0.499],[0.499,0],[0,-0.499],[-0.499,0]],"o":[[0,-0.499],[-0.499,0],[0,0.499],[0.499,0]],"v":[[0.904,0],[0.001,-0.903],[-0.904,0],[0.001,0.903]],"c":true},"ix":2},"nm":"Path 1","mn":"ADBE Vector Shape - Group","hd":false},{"ty":"fl","c":{"a":0,"k":[1,1,1,1],"ix":4},"o":{"a":0,"k":100,"ix":5},"r":1,"bm":0,"nm":"Fill 1","mn":"ADBE Vector Graphic - Fill","hd":false},{"ty":"tr","p":{"a":0,"k":[1.153,48.561],"ix":2},"a":{"a":0,"k":[0,0],"ix":1},"s":{"a":0,"k":[100,100],"ix":3},"r":{"a":0,"k":0,"ix":6},"o":{"a":0,"k":100,"ix":7},"sk":{"a":0,"k":0,"ix":4},"sa":{"a":0,"k":0,"ix":5},"nm":"Transform"}],"nm":"Group 10","np":2,"cix":2,"bm":0,"ix":10,"mn":"ADBE Vector Group","hd":false},{"ty":"gr","it":[{"ind":0,"ty":"sh","ix":1,"ks":{"a":0,"k":{"i":[[0,0.499],[0.499,0],[0,-0.499],[-0.499,0]],"o":[[0,-0.499],[-0.499,0],[0,0.499],[0.499,0]],"v":[[0.904,0],[0.001,-0.903],[-0.904,0],[0.001,0.903]],"c":true},"ix":2},"nm":"Path 1","mn":"ADBE Vector Shape - Group","hd":false},{"ty":"fl","c":{"a":0,"k":[1,1,1,1],"ix":4},"o":{"a":0,"k":100,"ix":5},"r":1,"bm":0,"nm":"Fill 1","mn":"ADBE Vector Graphic - Fill","hd":false},{"ty":"tr","p":{"a":0,"k":[19.943,23.626],"ix":2},"a":{"a":0,"k":[0,0],"ix":1},"s":{"a":0,"k":[100,100],"ix":3},"r":{"a":0,"k":0,"ix":6},"o":{"a":0,"k":100,"ix":7},"sk":{"a":0,"k":0,"ix":4},"sa":{"a":0,"k":0,"ix":5},"nm":"Transform"}],"nm":"Group 11","np":2,"cix":2,"bm":0,"ix":11,"mn":"ADBE Vector Group","hd":false},{"ty":"gr","it":[{"ind":0,"ty":"sh","ix":1,"ks":{"a":0,"k":{"i":[[0,0.499],[0.499,0],[0,-0.499],[-0.499,0]],"o":[[0,-0.499],[-0.499,0],[0,0.499],[0.499,0]],"v":[[0.904,0],[0.001,-0.903],[-0.904,0],[0.001,0.903]],"c":true},"ix":2},"nm":"Path 1","mn":"ADBE Vector Shape - Group","hd":false},{"ty":"fl","c":{"a":0,"k":[1,1,1,1],"ix":4},"o":{"a":0,"k":100,"ix":5},"r":1,"bm":0,"nm":"Fill 1","mn":"ADBE Vector Graphic - Fill","hd":false},{"ty":"tr","p":{"a":0,"k":[10.548,10.271],"ix":2},"a":{"a":0,"k":[0,0],"ix":1},"s":{"a":0,"k":[100,100],"ix":3},"r":{"a":0,"k":0,"ix":6},"o":{"a":0,"k":100,"ix":7},"sk":{"a":0,"k":0,"ix":4},"sa":{"a":0,"k":0,"ix":5},"nm":"Transform"}],"nm":"Group 12","np":2,"cix":2,"bm":0,"ix":12,"mn":"ADBE Vector Group","hd":false}],"ip":0,"op":29,"st":0,"bm":0},{"ddd":0,"ind":3,"ty":4,"nm":"scene3","sr":1,"ks":{"o":{"a":1,"k":[{"i":{"x":[0.667],"y":[1]},"o":{"x":[0.333],"y":[0]},"t":20,"s":[0]},{"i":{"x":[0.667],"y":[1]},"o":{"x":[0.333],"y":[0]},"t":24,"s":[100]},{"t":28,"s":[0]}],"ix":11},"r":{"a":0,"k":0,"ix":10},"p":{"a":0,"k":[102.98,73.545,0],"ix":2},"a":{"a":0,"k":[72.549,31.941,0],"ix":1},"s":{"a":0,"k":[100,100,100],"ix":6}},"ao":0,"ef":[{"ty":5,"nm":"CC Force Motion Blur","np":6,"mn":"CC Force Motion Blur","ix":1,"en":1,"ef":[{"ty":0,"nm":"Motion Blur Samples","mn":"CC Force Motion Blur-0001","ix":1,"v":{"a":0,"k":16,"ix":1}},{"ty":7,"nm":"Override Shutter Angle","mn":"CC Force Motion Blur-0002","ix":2,"v":{"a":0,"k":1,"ix":2}},{"ty":0,"nm":"Shutter Angle","mn":"CC Force Motion Blur-0003","ix":3,"v":{"a":0,"k":180,"ix":3}},{"ty":7,"nm":"Native Motion Blur","mn":"CC Force Motion Blur-0004","ix":4,"v":{"a":0,"k":2,"ix":4}}]}],"shapes":[{"ty":"gr","it":[{"ind":0,"ty":"sh","ix":1,"ks":{"a":0,"k":{"i":[[0,0.499],[-0.499,0],[0,-0.498],[0.499,0]],"o":[[0,-0.498],[0.499,0],[0,0.499],[-0.499,0]],"v":[[-0.904,0],[-0.001,-0.903],[0.904,0],[-0.001,0.903]],"c":true},"ix":2},"nm":"Path 1","mn":"ADBE Vector Shape - Group","hd":false},{"ty":"fl","c":{"a":0,"k":[1,1,1,1],"ix":4},"o":{"a":0,"k":100,"ix":5},"r":1,"bm":0,"nm":"Fill 1","mn":"ADBE Vector Graphic - Fill","hd":false},{"ty":"tr","p":{"a":0,"k":[125.154,61.915],"ix":2},"a":{"a":0,"k":[0,0],"ix":1},"s":{"a":0,"k":[100,100],"ix":3},"r":{"a":0,"k":0,"ix":6},"o":{"a":0,"k":100,"ix":7},"sk":{"a":0,"k":0,"ix":4},"sa":{"a":0,"k":0,"ix":5},"nm":"Transform"}],"nm":"Group 1","np":2,"cix":2,"bm":0,"ix":1,"mn":"ADBE Vector Group","hd":false},{"ty":"gr","it":[{"ind":0,"ty":"sh","ix":1,"ks":{"a":0,"k":{"i":[[0,0.499],[-0.499,0],[0,-0.499],[0.499,0]],"o":[[0,-0.499],[0.499,0],[0,0.499],[-0.499,0]],"v":[[-0.903,0],[0,-0.903],[0.904,0],[0,0.903]],"c":true},"ix":2},"nm":"Path 1","mn":"ADBE Vector Shape - Group","hd":false},{"ty":"fl","c":{"a":0,"k":[1,1,1,1],"ix":4},"o":{"a":0,"k":100,"ix":5},"r":1,"bm":0,"nm":"Fill 1","mn":"ADBE Vector Graphic - Fill","hd":false},{"ty":"tr","p":{"a":0,"k":[143.944,48.591],"ix":2},"a":{"a":0,"k":[0,0],"ix":1},"s":{"a":0,"k":[100,100],"ix":3},"r":{"a":0,"k":0,"ix":6},"o":{"a":0,"k":100,"ix":7},"sk":{"a":0,"k":0,"ix":4},"sa":{"a":0,"k":0,"ix":5},"nm":"Transform"}],"nm":"Group 2","np":2,"cix":2,"bm":0,"ix":2,"mn":"ADBE Vector Group","hd":false},{"ty":"gr","it":[{"ind":0,"ty":"sh","ix":1,"ks":{"a":0,"k":{"i":[[0,0.641],[-0.64,0],[0,-0.642],[0.641,0]],"o":[[0,-0.642],[0.641,0],[0,0.641],[-0.64,0]],"v":[[-1.161,0.001],[-0.001,-1.161],[1.161,0.001],[-0.001,1.161]],"c":true},"ix":2},"nm":"Path 1","mn":"ADBE Vector Shape - Group","hd":false},{"ty":"fl","c":{"a":0,"k":[1,1,1,1],"ix":4},"o":{"a":0,"k":100,"ix":5},"r":1,"bm":0,"nm":"Fill 1","mn":"ADBE Vector Graphic - Fill","hd":false},{"ty":"tr","p":{"a":0,"k":[84.864,62.471],"ix":2},"a":{"a":0,"k":[0,0],"ix":1},"s":{"a":0,"k":[100,100],"ix":3},"r":{"a":0,"k":0,"ix":6},"o":{"a":0,"k":100,"ix":7},"sk":{"a":0,"k":0,"ix":4},"sa":{"a":0,"k":0,"ix":5},"nm":"Transform"}],"nm":"Group 3","np":2,"cix":2,"bm":0,"ix":3,"mn":"ADBE Vector Group","hd":false},{"ty":"gr","it":[{"ind":0,"ty":"sh","ix":1,"ks":{"a":0,"k":{"i":[[0,0.641],[-0.64,0],[0,-0.641],[0.641,0]],"o":[[0,-0.641],[0.641,0],[0,0.641],[-0.64,0]],"v":[[-1.161,0],[-0.001,-1.161],[1.161,0],[-0.001,1.161]],"c":true},"ix":2},"nm":"Path 1","mn":"ADBE Vector Shape - Group","hd":false},{"ty":"fl","c":{"a":0,"k":[1,1,1,1],"ix":4},"o":{"a":0,"k":100,"ix":5},"r":1,"bm":0,"nm":"Fill 1","mn":"ADBE Vector Graphic - Fill","hd":false},{"ty":"tr","p":{"a":0,"k":[84.864,46.681],"ix":2},"a":{"a":0,"k":[0,0],"ix":1},"s":{"a":0,"k":[100,100],"ix":3},"r":{"a":0,"k":0,"ix":6},"o":{"a":0,"k":100,"ix":7},"sk":{"a":0,"k":0,"ix":4},"sa":{"a":0,"k":0,"ix":5},"nm":"Transform"}],"nm":"Group 4","np":2,"cix":2,"bm":0,"ix":4,"mn":"ADBE Vector Group","hd":false},{"ty":"gr","it":[{"ind":0,"ty":"sh","ix":1,"ks":{"a":0,"k":{"i":[[0,0.641],[-0.64,0],[0,-0.641],[0.641,0]],"o":[[0,-0.641],[0.641,0],[0,0.641],[-0.64,0]],"v":[[-1.161,0],[-0.001,-1.161],[1.161,0],[-0.001,1.161]],"c":true},"ix":2},"nm":"Path 1","mn":"ADBE Vector Shape - Group","hd":false},{"ty":"fl","c":{"a":0,"k":[1,1,1,1],"ix":4},"o":{"a":0,"k":100,"ix":5},"r":1,"bm":0,"nm":"Fill 1","mn":"ADBE Vector Graphic - Fill","hd":false},{"ty":"tr","p":{"a":0,"k":[84.864,17.201],"ix":2},"a":{"a":0,"k":[0,0],"ix":1},"s":{"a":0,"k":[100,100],"ix":3},"r":{"a":0,"k":0,"ix":6},"o":{"a":0,"k":100,"ix":7},"sk":{"a":0,"k":0,"ix":4},"sa":{"a":0,"k":0,"ix":5},"nm":"Transform"}],"nm":"Group 5","np":2,"cix":2,"bm":0,"ix":5,"mn":"ADBE Vector Group","hd":false},{"ty":"gr","it":[{"ind":0,"ty":"sh","ix":1,"ks":{"a":0,"k":{"i":[[0,0.641],[-0.64,0],[0,-0.641],[0.641,0]],"o":[[0,-0.641],[0.641,0],[0,0.641],[-0.64,0]],"v":[[-1.161,0],[-0.001,-1.161],[1.161,0],[-0.001,1.161]],"c":true},"ix":2},"nm":"Path 1","mn":"ADBE Vector Shape - Group","hd":false},{"ty":"fl","c":{"a":0,"k":[1,1,1,1],"ix":4},"o":{"a":0,"k":100,"ix":5},"r":1,"bm":0,"nm":"Fill 1","mn":"ADBE Vector Graphic - Fill","hd":false},{"ty":"tr","p":{"a":0,"k":[84.864,1.411],"ix":2},"a":{"a":0,"k":[0,0],"ix":1},"s":{"a":0,"k":[100,100],"ix":3},"r":{"a":0,"k":0,"ix":6},"o":{"a":0,"k":100,"ix":7},"sk":{"a":0,"k":0,"ix":4},"sa":{"a":0,"k":0,"ix":5},"nm":"Transform"}],"nm":"Group 6","np":2,"cix":2,"bm":0,"ix":6,"mn":"ADBE Vector Group","hd":false},{"ty":"gr","it":[{"ind":0,"ty":"sh","ix":1,"ks":{"a":0,"k":{"i":[[0,0.499],[-0.499,0],[0,-0.499],[0.499,0]],"o":[[0,-0.499],[0.499,0],[0,0.499],[-0.499,0]],"v":[[-0.904,0],[-0.001,-0.903],[0.904,0],[-0.001,0.903]],"c":true},"ix":2},"nm":"Path 1","mn":"ADBE Vector Shape - Group","hd":false},{"ty":"fl","c":{"a":0,"k":[1,1,1,1],"ix":4},"o":{"a":0,"k":100,"ix":5},"r":1,"bm":0,"nm":"Fill 1","mn":"ADBE Vector Graphic - Fill","hd":false},{"ty":"tr","p":{"a":0,"k":[125.154,23.626],"ix":2},"a":{"a":0,"k":[0,0],"ix":1},"s":{"a":0,"k":[100,100],"ix":3},"r":{"a":0,"k":0,"ix":6},"o":{"a":0,"k":100,"ix":7},"sk":{"a":0,"k":0,"ix":4},"sa":{"a":0,"k":0,"ix":5},"nm":"Transform"}],"nm":"Group 7","np":2,"cix":2,"bm":0,"ix":7,"mn":"ADBE Vector Group","hd":false},{"ty":"gr","it":[{"ind":0,"ty":"sh","ix":1,"ks":{"a":0,"k":{"i":[[0,0.499],[-0.499,0],[0,-0.499],[0.498,0]],"o":[[0,-0.499],[0.498,0],[0,0.499],[-0.499,0]],"v":[[-0.903,0],[0,-0.903],[0.904,0],[0,0.903]],"c":true},"ix":2},"nm":"Path 1","mn":"ADBE Vector Shape - Group","hd":false},{"ty":"fl","c":{"a":0,"k":[1,1,1,1],"ix":4},"o":{"a":0,"k":100,"ix":5},"r":1,"bm":0,"nm":"Fill 1","mn":"ADBE Vector Graphic - Fill","hd":false},{"ty":"tr","p":{"a":0,"k":[134.549,10.271],"ix":2},"a":{"a":0,"k":[0,0],"ix":1},"s":{"a":0,"k":[100,100],"ix":3},"r":{"a":0,"k":0,"ix":6},"o":{"a":0,"k":100,"ix":7},"sk":{"a":0,"k":0,"ix":4},"sa":{"a":0,"k":0,"ix":5},"nm":"Transform"}],"nm":"Group 8","np":2,"cix":2,"bm":0,"ix":8,"mn":"ADBE Vector Group","hd":false},{"ty":"gr","it":[{"ind":0,"ty":"sh","ix":1,"ks":{"a":0,"k":{"i":[[0,0.499],[0.499,0],[0,-0.498],[-0.499,0]],"o":[[0,-0.498],[-0.499,0],[0,0.499],[0.499,0]],"v":[[0.904,0],[0.001,-0.903],[-0.904,0],[0.001,0.903]],"c":true},"ix":2},"nm":"Path 1","mn":"ADBE Vector Shape - Group","hd":false},{"ty":"fl","c":{"a":0,"k":[1,1,1,1],"ix":4},"o":{"a":0,"k":100,"ix":5},"r":1,"bm":0,"nm":"Fill 1","mn":"ADBE Vector Graphic - Fill","hd":false},{"ty":"tr","p":{"a":0,"k":[1.153,61.915],"ix":2},"a":{"a":0,"k":[0,0],"ix":1},"s":{"a":0,"k":[100,100],"ix":3},"r":{"a":0,"k":0,"ix":6},"o":{"a":0,"k":100,"ix":7},"sk":{"a":0,"k":0,"ix":4},"sa":{"a":0,"k":0,"ix":5},"nm":"Transform"}],"nm":"Group 9","np":2,"cix":2,"bm":0,"ix":9,"mn":"ADBE Vector Group","hd":false},{"ty":"gr","it":[{"ind":0,"ty":"sh","ix":1,"ks":{"a":0,"k":{"i":[[0,0.499],[0.499,0],[0,-0.499],[-0.499,0]],"o":[[0,-0.499],[-0.499,0],[0,0.499],[0.499,0]],"v":[[0.904,0],[0.001,-0.903],[-0.904,0],[0.001,0.903]],"c":true},"ix":2},"nm":"Path 1","mn":"ADBE Vector Shape - Group","hd":false},{"ty":"fl","c":{"a":0,"k":[1,1,1,1],"ix":4},"o":{"a":0,"k":100,"ix":5},"r":1,"bm":0,"nm":"Fill 1","mn":"ADBE Vector Graphic - Fill","hd":false},{"ty":"tr","p":{"a":0,"k":[10.548,48.561],"ix":2},"a":{"a":0,"k":[0,0],"ix":1},"s":{"a":0,"k":[100,100],"ix":3},"r":{"a":0,"k":0,"ix":6},"o":{"a":0,"k":100,"ix":7},"sk":{"a":0,"k":0,"ix":4},"sa":{"a":0,"k":0,"ix":5},"nm":"Transform"}],"nm":"Group 10","np":2,"cix":2,"bm":0,"ix":10,"mn":"ADBE Vector Group","hd":false},{"ty":"gr","it":[{"ind":0,"ty":"sh","ix":1,"ks":{"a":0,"k":{"i":[[0,0.499],[0.499,0],[0,-0.499],[-0.499,0]],"o":[[0,-0.499],[-0.499,0],[0,0.499],[0.499,0]],"v":[[0.904,0],[0.001,-0.903],[-0.904,0],[0.001,0.903]],"c":true},"ix":2},"nm":"Path 1","mn":"ADBE Vector Shape - Group","hd":false},{"ty":"fl","c":{"a":0,"k":[1,1,1,1],"ix":4},"o":{"a":0,"k":100,"ix":5},"r":1,"bm":0,"nm":"Fill 1","mn":"ADBE Vector Graphic - Fill","hd":false},{"ty":"tr","p":{"a":0,"k":[1.153,23.626],"ix":2},"a":{"a":0,"k":[0,0],"ix":1},"s":{"a":0,"k":[100,100],"ix":3},"r":{"a":0,"k":0,"ix":6},"o":{"a":0,"k":100,"ix":7},"sk":{"a":0,"k":0,"ix":4},"sa":{"a":0,"k":0,"ix":5},"nm":"Transform"}],"nm":"Group 11","np":2,"cix":2,"bm":0,"ix":11,"mn":"ADBE Vector Group","hd":false},{"ty":"gr","it":[{"ind":0,"ty":"sh","ix":1,"ks":{"a":0,"k":{"i":[[0,0.499],[0.499,0],[0,-0.499],[-0.499,0]],"o":[[0,-0.499],[-0.499,0],[0,0.499],[0.499,0]],"v":[[0.904,0],[0.001,-0.903],[-0.904,0],[0.001,0.903]],"c":true},"ix":2},"nm":"Path 1","mn":"ADBE Vector Shape - Group","hd":false},{"ty":"fl","c":{"a":0,"k":[1,1,1,1],"ix":4},"o":{"a":0,"k":100,"ix":5},"r":1,"bm":0,"nm":"Fill 1","mn":"ADBE Vector Graphic - Fill","hd":false},{"ty":"tr","p":{"a":0,"k":[19.943,10.271],"ix":2},"a":{"a":0,"k":[0,0],"ix":1},"s":{"a":0,"k":[100,100],"ix":3},"r":{"a":0,"k":0,"ix":6},"o":{"a":0,"k":100,"ix":7},"sk":{"a":0,"k":0,"ix":4},"sa":{"a":0,"k":0,"ix":5},"nm":"Transform"}],"nm":"Group 12","np":2,"cix":2,"bm":0,"ix":12,"mn":"ADBE Vector Group","hd":false}],"ip":0,"op":29,"st":0,"bm":0},{"ddd":0,"ind":4,"ty":4,"nm":"main","sr":1,"ks":{"o":{"a":0,"k":100,"ix":11},"r":{"a":0,"k":0,"ix":10},"p":{"a":0,"k":[96.055,100,0],"ix":2},"a":{"a":0,"k":[88.305,72.84,0],"ix":1},"s":{"a":0,"k":[100,100,100],"ix":6}},"ao":0,"shapes":[{"ty":"gr","it":[{"ind":0,"ty":"sh","ix":1,"ks":{"a":0,"k":{"i":[[0.62,0],[0,0],[0,0.74],[-0.62,0],[0,0],[0,-0.75]],"o":[[0,0],[-0.62,0],[0,-0.75],[0,0],[0.62,0],[0,0.74]],"v":[[20.555,-52.8],[-20.445,-52.8],[-21.565,-54.15],[-20.445,-55.5],[20.555,-55.5],[21.675,-54.15]],"c":true},"ix":2},"nm":"Path 1","mn":"ADBE Vector Shape - Group","hd":false},{"ind":1,"ty":"sh","ix":2,"ks":{"a":0,"k":{"i":[[0,0.94],[-0.941,0],[0,-0.94],[0.95,0]],"o":[[0,-0.94],[0.95,0],[0,0.94],[-0.941,0]],"v":[[14.615,-48.2],[16.315,-49.9],[18.025,-48.2],[16.315,-46.49]],"c":true},"ix":2},"nm":"Path 2","mn":"ADBE Vector Shape - Group","hd":false},{"ind":2,"ty":"sh","ix":3,"ks":{"a":0,"k":{"i":[[0,0.94],[-0.94,0],[0,-0.94],[0.94,0]],"o":[[0,-0.94],[0.94,0],[0,0.94],[-0.94,0]],"v":[[5.225,-48.2],[6.925,-49.9],[8.624,-48.2],[6.925,-46.49]],"c":true},"ix":2},"nm":"Path 3","mn":"ADBE Vector Shape - Group","hd":false},{"ind":3,"ty":"sh","ix":4,"ks":{"a":0,"k":{"i":[[0,0.94],[-0.939,0],[0,-0.94],[0.941,0]],"o":[[0,-0.94],[0.941,0],[0,0.94],[-0.939,0]],"v":[[-4.175,-48.2],[-2.466,-49.9],[-0.765,-48.2],[-2.466,-46.49]],"c":true},"ix":2},"nm":"Path 4","mn":"ADBE Vector Shape - Group","hd":false},{"ind":4,"ty":"sh","ix":5,"ks":{"a":0,"k":{"i":[[0.62,0],[0,0],[0,0.75],[-0.62,0],[0,0],[0,-0.75]],"o":[[0,0],[-0.62,0],[0,-0.75],[0,0],[0.62,0],[0,0.75]],"v":[[20.555,-40.07],[-20.445,-40.07],[-21.565,-41.42],[-20.445,-42.77],[20.555,-42.77],[21.675,-41.42]],"c":true},"ix":2},"nm":"Path 5","mn":"ADBE Vector Shape - Group","hd":false},{"ind":5,"ty":"sh","ix":6,"ks":{"a":0,"k":{"i":[[0,0.94],[-0.941,0],[0,-0.94],[0.95,0]],"o":[[0,-0.94],[0.95,0],[0,0.94],[-0.941,0]],"v":[[14.615,-34.84],[16.315,-36.54],[18.025,-34.84],[16.315,-33.14]],"c":true},"ix":2},"nm":"Path 6","mn":"ADBE Vector Shape - Group","hd":false},{"ind":6,"ty":"sh","ix":7,"ks":{"a":0,"k":{"i":[[0,0.94],[-0.94,0],[0,-0.94],[0.94,0]],"o":[[0,-0.94],[0.94,0],[0,0.94],[-0.94,0]],"v":[[5.225,-34.84],[6.925,-36.54],[8.624,-34.84],[6.925,-33.14]],"c":true},"ix":2},"nm":"Path 7","mn":"ADBE Vector Shape - Group","hd":false},{"ind":7,"ty":"sh","ix":8,"ks":{"a":0,"k":{"i":[[0,0.94],[-0.939,0],[0,-0.94],[0.941,0]],"o":[[0,-0.94],[0.941,0],[0,0.94],[-0.939,0]],"v":[[-4.175,-34.84],[-2.466,-36.54],[-0.765,-34.84],[-2.466,-33.14]],"c":true},"ix":2},"nm":"Path 8","mn":"ADBE Vector Shape - Group","hd":false},{"ind":8,"ty":"sh","ix":9,"ks":{"a":0,"k":{"i":[[0.62,0],[0,0],[0,0.75],[-0.62,0],[0,0],[0,-0.75]],"o":[[0,0],[-0.62,0],[0,-0.75],[0,0],[0.62,0],[0,0.75]],"v":[[20.555,-27.34],[-20.445,-27.34],[-21.565,-28.69],[-20.445,-30.04],[20.555,-30.04],[21.675,-28.69]],"c":true},"ix":2},"nm":"Path 9","mn":"ADBE Vector Shape - Group","hd":false},{"ind":9,"ty":"sh","ix":10,"ks":{"a":0,"k":{"i":[[0.62,0],[0,0],[0,0.75],[-0.62,0],[0,0],[0,-0.74]],"o":[[0,0],[-0.62,0],[0,-0.74],[0,0],[0.62,0],[0,0.75]],"v":[[20.555,-14.61],[-20.445,-14.61],[-21.565,-15.96],[-20.445,-17.31],[20.555,-17.31],[21.675,-15.96]],"c":true},"ix":2},"nm":"Path 10","mn":"ADBE Vector Shape - Group","hd":false},{"ind":10,"ty":"sh","ix":11,"ks":{"a":0,"k":{"i":[[0,0.94],[-0.941,0],[0,-0.94],[0.95,0]],"o":[[0,-0.94],[0.95,0],[0,0.94],[-0.941,0]],"v":[[14.615,-9.91],[16.315,-11.61],[18.025,-9.91],[16.315,-8.2]],"c":true},"ix":2},"nm":"Path 11","mn":"ADBE Vector Shape - Group","hd":false},{"ind":11,"ty":"sh","ix":12,"ks":{"a":0,"k":{"i":[[0,0.94],[-0.94,0],[0,-0.94],[0.94,0]],"o":[[0,-0.94],[0.94,0],[0,0.94],[-0.94,0]],"v":[[5.225,-9.91],[6.925,-11.61],[8.624,-9.91],[6.925,-8.2]],"c":true},"ix":2},"nm":"Path 12","mn":"ADBE Vector Shape - Group","hd":false},{"ind":12,"ty":"sh","ix":13,"ks":{"a":0,"k":{"i":[[0,0.94],[-0.939,0],[0,-0.94],[0.941,0]],"o":[[0,-0.94],[0.941,0],[0,0.94],[-0.939,0]],"v":[[-4.175,-9.91],[-2.466,-11.61],[-0.765,-9.91],[-2.466,-8.2]],"c":true},"ix":2},"nm":"Path 13","mn":"ADBE Vector Shape - Group","hd":false},{"ind":13,"ty":"sh","ix":14,"ks":{"a":0,"k":{"i":[[0.62,0],[0,0],[0,0.75],[-0.62,0],[0,0],[0,-0.74]],"o":[[0,0],[-0.62,0],[0,-0.74],[0,0],[0.62,0],[0,0.75]],"v":[[20.555,-1.88],[-20.445,-1.88],[-21.565,-3.23],[-20.445,-4.58],[20.555,-4.58],[21.675,-3.23]],"c":true},"ix":2},"nm":"Path 14","mn":"ADBE Vector Shape - Group","hd":false},{"ind":14,"ty":"sh","ix":15,"ks":{"a":0,"k":{"i":[[0,0.94],[-0.941,0],[0,-0.94],[0.95,0]],"o":[[0,-0.94],[0.95,0],[0,0.94],[-0.941,0]],"v":[[14.615,3.45],[16.315,1.75],[18.025,3.45],[16.315,5.15]],"c":true},"ix":2},"nm":"Path 15","mn":"ADBE Vector Shape - Group","hd":false},{"ind":15,"ty":"sh","ix":16,"ks":{"a":0,"k":{"i":[[0,0.94],[-0.94,0],[0,-0.94],[0.94,0]],"o":[[0,-0.94],[0.94,0],[0,0.94],[-0.94,0]],"v":[[5.225,3.45],[6.925,1.75],[8.624,3.45],[6.925,5.15]],"c":true},"ix":2},"nm":"Path 16","mn":"ADBE Vector Shape - Group","hd":false},{"ind":16,"ty":"sh","ix":17,"ks":{"a":0,"k":{"i":[[0,0.94],[-0.939,0],[0,-0.94],[0.941,0]],"o":[[0,-0.94],[0.941,0],[0,0.94],[-0.939,0]],"v":[[-4.175,3.45],[-2.466,1.75],[-0.765,3.45],[-2.466,5.15]],"c":true},"ix":2},"nm":"Path 17","mn":"ADBE Vector Shape - Group","hd":false},{"ind":17,"ty":"sh","ix":18,"ks":{"a":0,"k":{"i":[[0.62,0],[0,0],[0,0.75],[-0.62,0],[0,0],[0,-0.75]],"o":[[0,0],[-0.62,0],[0,-0.75],[0,0],[0.62,0],[0,0.75]],"v":[[20.555,10.85],[-20.445,10.85],[-21.565,9.5],[-20.445,8.15],[20.555,8.15],[21.675,9.5]],"c":true},"ix":2},"nm":"Path 18","mn":"ADBE Vector Shape - Group","hd":false},{"ind":18,"ty":"sh","ix":19,"ks":{"a":0,"k":{"i":[[0.62,0],[0,0],[0,0.75],[-0.62,0],[0,0],[0,-0.74]],"o":[[0,0],[-0.62,0],[0,-0.74],[0,0],[0.62,0],[0,0.75]],"v":[[20.555,23.58],[-20.445,23.58],[-21.565,22.23],[-20.445,20.88],[20.555,20.88],[21.675,22.23]],"c":true},"ix":2},"nm":"Path 19","mn":"ADBE Vector Shape - Group","hd":false},{"ind":19,"ty":"sh","ix":20,"ks":{"a":0,"k":{"i":[[0.62,0],[0,0],[0,0.75],[-0.62,0],[0,0],[0,-0.74]],"o":[[0,0],[-0.62,0],[0,-0.74],[0,0],[0.62,0],[0,0.75]],"v":[[20.555,36.31],[-20.445,36.31],[-21.565,34.96],[-20.445,33.61],[20.555,33.61],[21.675,34.96]],"c":true},"ix":2},"nm":"Path 20","mn":"ADBE Vector Shape - Group","hd":false},{"ind":20,"ty":"sh","ix":21,"ks":{"a":0,"k":{"i":[[2.25,0],[0,0],[0,2.72],[-2.25,0],[0,0],[0,-2.71]],"o":[[0,0],[-2.25,0],[0,-2.71],[0,0],[2.25,0],[0,2.72]],"v":[[17.544,53.21],[-17.546,53.21],[-21.626,48.3],[-17.546,43.39],[17.544,43.39],[21.624,48.3]],"c":true},"ix":2},"nm":"Path 21","mn":"ADBE Vector Shape - Group","hd":false},{"ind":21,"ty":"sh","ix":22,"ks":{"a":0,"k":{"i":[[2.339,0],[0,0],[0,-2.33],[0,0],[-2.341,0],[0,0],[0,-0.91],[-0.941,0],[0,0],[0,0.9],[0.939,0],[0,0],[0,2.33],[0,0]],"o":[[0,0],[-2.341,0],[0,0],[0,2.33],[0,0],[-0.941,0],[0,0.9],[0,0],[0.939,0],[0,-0.91],[0,0],[2.339,0],[0,0],[0,-2.33]],"v":[[21.825,-61.4],[-21.825,-61.4],[-26.055,-57.17],[-26.055,53.9],[-21.825,58.13],[-21.475,58.13],[-23.175,59.77],[-21.475,61.4],[21.475,61.4],[23.175,59.77],[21.475,58.13],[21.825,58.13],[26.055,53.9],[26.055,-57.17]],"c":true},"ix":2},"nm":"Path 22","mn":"ADBE Vector Shape - Group","hd":false},{"ty":"mm","mm":1,"nm":"Merge Paths 1","mn":"ADBE Vector Filter - Merge","hd":false},{"ty":"fl","c":{"a":0,"k":[1,1,1,1],"ix":4},"o":{"a":0,"k":100,"ix":5},"r":1,"bm":0,"nm":"Fill 1","mn":"ADBE Vector Graphic - Fill","hd":false},{"ty":"tr","p":{"a":0,"k":[150.306,72.91],"ix":2},"a":{"a":0,"k":[0,0],"ix":1},"s":{"a":0,"k":[100,100],"ix":3},"r":{"a":0,"k":0,"ix":6},"o":{"a":0,"k":100,"ix":7},"sk":{"a":0,"k":0,"ix":4},"sa":{"a":0,"k":0,"ix":5},"nm":"Transform"}],"nm":"Group 1","np":24,"cix":2,"bm":0,"ix":1,"mn":"ADBE Vector Group","hd":false},{"ty":"gr","it":[{"ind":0,"ty":"sh","ix":1,"ks":{"a":0,"k":{"i":[[0.62,0],[0,0],[0,0.74],[-0.62,0],[0,0],[0,-0.75]],"o":[[0,0],[-0.62,0],[0,-0.75],[0,0],[0.62,0],[0,0.74]],"v":[[20.555,-52.8],[-20.445,-52.8],[-21.565,-54.15],[-20.445,-55.5],[20.555,-55.5],[21.675,-54.15]],"c":true},"ix":2},"nm":"Path 1","mn":"ADBE Vector Shape - Group","hd":false},{"ind":1,"ty":"sh","ix":2,"ks":{"a":0,"k":{"i":[[0,0.94],[-0.94,0],[0,-0.94],[0.95,0]],"o":[[0,-0.94],[0.95,0],[0,0.94],[-0.94,0]],"v":[[14.615,-48.2],[16.315,-49.9],[18.025,-48.2],[16.315,-46.49]],"c":true},"ix":2},"nm":"Path 2","mn":"ADBE Vector Shape - Group","hd":false},{"ind":2,"ty":"sh","ix":3,"ks":{"a":0,"k":{"i":[[0,0.94],[-0.94,0],[0,-0.94],[0.94,0]],"o":[[0,-0.94],[0.94,0],[0,0.94],[-0.94,0]],"v":[[5.225,-48.2],[6.925,-49.9],[8.625,-48.2],[6.925,-46.49]],"c":true},"ix":2},"nm":"Path 3","mn":"ADBE Vector Shape - Group","hd":false},{"ind":3,"ty":"sh","ix":4,"ks":{"a":0,"k":{"i":[[0,0.94],[-0.94,0],[0,-0.94],[0.94,0]],"o":[[0,-0.94],[0.94,0],[0,0.94],[-0.94,0]],"v":[[-4.175,-48.2],[-2.465,-49.9],[-0.765,-48.2],[-2.465,-46.49]],"c":true},"ix":2},"nm":"Path 4","mn":"ADBE Vector Shape - Group","hd":false},{"ind":4,"ty":"sh","ix":5,"ks":{"a":0,"k":{"i":[[0.62,0],[0,0],[0,0.75],[-0.62,0],[0,0],[0,-0.75]],"o":[[0,0],[-0.62,0],[0,-0.75],[0,0],[0.62,0],[0,0.75]],"v":[[20.555,-40.07],[-20.445,-40.07],[-21.565,-41.42],[-20.445,-42.77],[20.555,-42.77],[21.675,-41.42]],"c":true},"ix":2},"nm":"Path 5","mn":"ADBE Vector Shape - Group","hd":false},{"ind":5,"ty":"sh","ix":6,"ks":{"a":0,"k":{"i":[[0,0.94],[-0.94,0],[0,-0.94],[0.95,0]],"o":[[0,-0.94],[0.95,0],[0,0.94],[-0.94,0]],"v":[[14.615,-34.84],[16.315,-36.54],[18.025,-34.84],[16.315,-33.14]],"c":true},"ix":2},"nm":"Path 6","mn":"ADBE Vector Shape - Group","hd":false},{"ind":6,"ty":"sh","ix":7,"ks":{"a":0,"k":{"i":[[0,0.94],[-0.94,0],[0,-0.94],[0.94,0]],"o":[[0,-0.94],[0.94,0],[0,0.94],[-0.94,0]],"v":[[5.225,-34.84],[6.925,-36.54],[8.625,-34.84],[6.925,-33.14]],"c":true},"ix":2},"nm":"Path 7","mn":"ADBE Vector Shape - Group","hd":false},{"ind":7,"ty":"sh","ix":8,"ks":{"a":0,"k":{"i":[[0,0.94],[-0.94,0],[0,-0.94],[0.94,0]],"o":[[0,-0.94],[0.94,0],[0,0.94],[-0.94,0]],"v":[[-4.175,-34.84],[-2.465,-36.54],[-0.765,-34.84],[-2.465,-33.14]],"c":true},"ix":2},"nm":"Path 8","mn":"ADBE Vector Shape - Group","hd":false},{"ind":8,"ty":"sh","ix":9,"ks":{"a":0,"k":{"i":[[0.62,0],[0,0],[0,0.75],[-0.62,0],[0,0],[0,-0.75]],"o":[[0,0],[-0.62,0],[0,-0.75],[0,0],[0.62,0],[0,0.75]],"v":[[20.555,-27.34],[-20.445,-27.34],[-21.565,-28.69],[-20.445,-30.04],[20.555,-30.04],[21.675,-28.69]],"c":true},"ix":2},"nm":"Path 9","mn":"ADBE Vector Shape - Group","hd":false},{"ind":9,"ty":"sh","ix":10,"ks":{"a":0,"k":{"i":[[0.62,0],[0,0],[0,0.75],[-0.62,0],[0,0],[0,-0.74]],"o":[[0,0],[-0.62,0],[0,-0.74],[0,0],[0.62,0],[0,0.75]],"v":[[20.555,-14.61],[-20.445,-14.61],[-21.565,-15.96],[-20.445,-17.31],[20.555,-17.31],[21.675,-15.96]],"c":true},"ix":2},"nm":"Path 10","mn":"ADBE Vector Shape - Group","hd":false},{"ind":10,"ty":"sh","ix":11,"ks":{"a":0,"k":{"i":[[0,0.94],[-0.94,0],[0,-0.94],[0.95,0]],"o":[[0,-0.94],[0.95,0],[0,0.94],[-0.94,0]],"v":[[14.615,-9.91],[16.315,-11.61],[18.025,-9.91],[16.315,-8.2]],"c":true},"ix":2},"nm":"Path 11","mn":"ADBE Vector Shape - Group","hd":false},{"ind":11,"ty":"sh","ix":12,"ks":{"a":0,"k":{"i":[[0,0.94],[-0.94,0],[0,-0.94],[0.94,0]],"o":[[0,-0.94],[0.94,0],[0,0.94],[-0.94,0]],"v":[[5.225,-9.91],[6.925,-11.61],[8.625,-9.91],[6.925,-8.2]],"c":true},"ix":2},"nm":"Path 12","mn":"ADBE Vector Shape - Group","hd":false},{"ind":12,"ty":"sh","ix":13,"ks":{"a":0,"k":{"i":[[0,0.94],[-0.94,0],[0,-0.94],[0.94,0]],"o":[[0,-0.94],[0.94,0],[0,0.94],[-0.94,0]],"v":[[-4.175,-9.91],[-2.465,-11.61],[-0.765,-9.91],[-2.465,-8.2]],"c":true},"ix":2},"nm":"Path 13","mn":"ADBE Vector Shape - Group","hd":false},{"ind":13,"ty":"sh","ix":14,"ks":{"a":0,"k":{"i":[[0.62,0],[0,0],[0,0.75],[-0.62,0],[0,0],[0,-0.74]],"o":[[0,0],[-0.62,0],[0,-0.74],[0,0],[0.62,0],[0,0.75]],"v":[[20.555,-1.88],[-20.445,-1.88],[-21.565,-3.23],[-20.445,-4.58],[20.555,-4.58],[21.675,-3.23]],"c":true},"ix":2},"nm":"Path 14","mn":"ADBE Vector Shape - Group","hd":false},{"ind":14,"ty":"sh","ix":15,"ks":{"a":0,"k":{"i":[[0,0.94],[-0.94,0],[0,-0.94],[0.95,0]],"o":[[0,-0.94],[0.95,0],[0,0.94],[-0.94,0]],"v":[[14.615,3.45],[16.315,1.75],[18.025,3.45],[16.315,5.15]],"c":true},"ix":2},"nm":"Path 15","mn":"ADBE Vector Shape - Group","hd":false},{"ind":15,"ty":"sh","ix":16,"ks":{"a":0,"k":{"i":[[0,0.94],[-0.94,0],[0,-0.94],[0.94,0]],"o":[[0,-0.94],[0.94,0],[0,0.94],[-0.94,0]],"v":[[5.225,3.45],[6.925,1.75],[8.625,3.45],[6.925,5.15]],"c":true},"ix":2},"nm":"Path 16","mn":"ADBE Vector Shape - Group","hd":false},{"ind":16,"ty":"sh","ix":17,"ks":{"a":0,"k":{"i":[[0,0.94],[-0.94,0],[0,-0.94],[0.94,0]],"o":[[0,-0.94],[0.94,0],[0,0.94],[-0.94,0]],"v":[[-4.175,3.45],[-2.465,1.75],[-0.765,3.45],[-2.465,5.15]],"c":true},"ix":2},"nm":"Path 17","mn":"ADBE Vector Shape - Group","hd":false},{"ind":17,"ty":"sh","ix":18,"ks":{"a":0,"k":{"i":[[0.62,0],[0,0],[0,0.75],[-0.62,0],[0,0],[0,-0.75]],"o":[[0,0],[-0.62,0],[0,-0.75],[0,0],[0.62,0],[0,0.75]],"v":[[20.555,10.85],[-20.445,10.85],[-21.565,9.5],[-20.445,8.15],[20.555,8.15],[21.675,9.5]],"c":true},"ix":2},"nm":"Path 18","mn":"ADBE Vector Shape - Group","hd":false},{"ind":18,"ty":"sh","ix":19,"ks":{"a":0,"k":{"i":[[0.62,0],[0,0],[0,0.75],[-0.62,0],[0,0],[0,-0.74]],"o":[[0,0],[-0.62,0],[0,-0.74],[0,0],[0.62,0],[0,0.75]],"v":[[20.555,23.58],[-20.445,23.58],[-21.565,22.23],[-20.445,20.88],[20.555,20.88],[21.675,22.23]],"c":true},"ix":2},"nm":"Path 19","mn":"ADBE Vector Shape - Group","hd":false},{"ind":19,"ty":"sh","ix":20,"ks":{"a":0,"k":{"i":[[0.62,0],[0,0],[0,0.75],[-0.62,0],[0,0],[0,-0.74]],"o":[[0,0],[-0.62,0],[0,-0.74],[0,0],[0.62,0],[0,0.75]],"v":[[20.555,36.31],[-20.445,36.31],[-21.565,34.96],[-20.445,33.61],[20.555,33.61],[21.675,34.96]],"c":true},"ix":2},"nm":"Path 20","mn":"ADBE Vector Shape - Group","hd":false},{"ind":20,"ty":"sh","ix":21,"ks":{"a":0,"k":{"i":[[2.25,0],[0,0],[0,2.72],[-2.25,0],[0,0],[0,-2.71]],"o":[[0,0],[-2.25,0],[0,-2.71],[0,0],[2.25,0],[0,2.72]],"v":[[17.545,53.21],[-17.545,53.21],[-21.625,48.3],[-17.545,43.39],[17.545,43.39],[21.625,48.3]],"c":true},"ix":2},"nm":"Path 21","mn":"ADBE Vector Shape - Group","hd":false},{"ind":21,"ty":"sh","ix":22,"ks":{"a":0,"k":{"i":[[2.34,0],[0,0],[0,-2.33],[0,0],[-2.34,0],[0,0],[0,-0.91],[-0.94,0],[0,0],[0,0.9],[0.94,0],[0,0],[0,2.33],[0,0]],"o":[[0,0],[-2.34,0],[0,0],[0,2.33],[0,0],[-0.94,0],[0,0.9],[0,0],[0.94,0],[0,-0.91],[0,0],[2.34,0],[0,0],[0,-2.33]],"v":[[21.825,-61.4],[-21.825,-61.4],[-26.055,-57.17],[-26.055,53.9],[-21.825,58.13],[-21.475,58.13],[-23.175,59.77],[-21.475,61.4],[21.475,61.4],[23.175,59.77],[21.475,58.13],[21.825,58.13],[26.055,53.9],[26.055,-57.17]],"c":true},"ix":2},"nm":"Path 22","mn":"ADBE Vector Shape - Group","hd":false},{"ty":"mm","mm":1,"nm":"Merge Paths 1","mn":"ADBE Vector Filter - Merge","hd":false},{"ty":"fl","c":{"a":0,"k":[1,1,1,1],"ix":4},"o":{"a":0,"k":100,"ix":5},"r":1,"bm":0,"nm":"Fill 1","mn":"ADBE Vector Graphic - Fill","hd":false},{"ty":"tr","p":{"a":0,"k":[26.305,72.91],"ix":2},"a":{"a":0,"k":[0,0],"ix":1},"s":{"a":0,"k":[100,100],"ix":3},"r":{"a":0,"k":0,"ix":6},"o":{"a":0,"k":100,"ix":7},"sk":{"a":0,"k":0,"ix":4},"sa":{"a":0,"k":0,"ix":5},"nm":"Transform"}],"nm":"Group 2","np":24,"cix":2,"bm":0,"ix":2,"mn":"ADBE Vector Group","hd":false},{"ty":"gr","it":[{"ind":0,"ty":"sh","ix":1,"ks":{"a":0,"k":{"i":[[0.73,0],[0,0],[0,0.89],[-0.73,0],[0,0],[0,-0.88]],"o":[[0,0],[-0.73,0],[0,-0.88],[0,0],[0.73,0],[0,0.89]],"v":[[24.3,-62.43],[-24.17,-62.43],[-25.5,-64.03],[-24.17,-65.62],[24.3,-65.62],[25.63,-64.03]],"c":true},"ix":2},"nm":"Path 1","mn":"ADBE Vector Shape - Group","hd":false},{"ind":1,"ty":"sh","ix":2,"ks":{"a":0,"k":{"i":[[0,1.11],[-1.11,0],[0,-1.12],[1.12,0]],"o":[[0,-1.12],[1.12,0],[0,1.11],[-1.11,0]],"v":[[17.28,-56.98],[19.29,-59],[21.31,-56.98],[19.29,-54.97]],"c":true},"ix":2},"nm":"Path 2","mn":"ADBE Vector Shape - Group","hd":false},{"ind":2,"ty":"sh","ix":3,"ks":{"a":0,"k":{"i":[[0,1.11],[-1.111,0],[0,-1.12],[1.109,0]],"o":[[0,-1.12],[1.109,0],[0,1.11],[-1.111,0]],"v":[[6.17,-56.98],[8.191,-59],[10.2,-56.98],[8.191,-54.97]],"c":true},"ix":2},"nm":"Path 3","mn":"ADBE Vector Shape - Group","hd":false},{"ind":3,"ty":"sh","ix":4,"ks":{"a":0,"k":{"i":[[0,1.11],[-1.11,0],[0,-1.12],[1.11,0]],"o":[[0,-1.12],[1.11,0],[0,1.11],[-1.11,0]],"v":[[-4.93,-56.98],[-2.92,-59],[-0.91,-56.98],[-2.92,-54.97]],"c":true},"ix":2},"nm":"Path 4","mn":"ADBE Vector Shape - Group","hd":false},{"ind":4,"ty":"sh","ix":5,"ks":{"a":0,"k":{"i":[[0.73,0],[0,0],[0,0.89],[-0.73,0],[0,0],[0,-0.88]],"o":[[0,0],[-0.73,0],[0,-0.88],[0,0],[0.73,0],[0,0.89]],"v":[[24.3,-47.38],[-24.17,-47.38],[-25.5,-48.98],[-24.17,-50.57],[24.3,-50.57],[25.63,-48.98]],"c":true},"ix":2},"nm":"Path 5","mn":"ADBE Vector Shape - Group","hd":false},{"ind":5,"ty":"sh","ix":6,"ks":{"a":0,"k":{"i":[[0,1.12],[-1.11,0],[0,-1.11],[1.12,0]],"o":[[0,-1.11],[1.12,0],[0,1.12],[-1.11,0]],"v":[[17.28,-41.2],[19.29,-43.21],[21.31,-41.2],[19.29,-39.18]],"c":true},"ix":2},"nm":"Path 6","mn":"ADBE Vector Shape - Group","hd":false},{"ind":6,"ty":"sh","ix":7,"ks":{"a":0,"k":{"i":[[0,1.12],[-1.111,0],[0,-1.11],[1.109,0]],"o":[[0,-1.11],[1.109,0],[0,1.12],[-1.111,0]],"v":[[6.17,-41.2],[8.191,-43.21],[10.2,-41.2],[8.191,-39.18]],"c":true},"ix":2},"nm":"Path 7","mn":"ADBE Vector Shape - Group","hd":false},{"ind":7,"ty":"sh","ix":8,"ks":{"a":0,"k":{"i":[[0,1.12],[-1.11,0],[0,-1.11],[1.11,0]],"o":[[0,-1.11],[1.11,0],[0,1.12],[-1.11,0]],"v":[[-4.93,-41.2],[-2.92,-43.21],[-0.91,-41.2],[-2.92,-39.18]],"c":true},"ix":2},"nm":"Path 8","mn":"ADBE Vector Shape - Group","hd":false},{"ind":8,"ty":"sh","ix":9,"ks":{"a":0,"k":{"i":[[0.73,0],[0,0],[0,0.88],[-0.73,0],[0,0],[0,-0.88]],"o":[[0,0],[-0.73,0],[0,-0.88],[0,0],[0.73,0],[0,0.88]],"v":[[24.3,-32.33],[-24.17,-32.33],[-25.5,-33.92],[-24.17,-35.52],[24.3,-35.52],[25.63,-33.92]],"c":true},"ix":2},"nm":"Path 9","mn":"ADBE Vector Shape - Group","hd":false},{"ind":9,"ty":"sh","ix":10,"ks":{"a":0,"k":{"i":[[0.73,0],[0,0],[0,0.88],[-0.73,0],[0,0],[0,-0.88]],"o":[[0,0],[-0.73,0],[0,-0.88],[0,0],[0.73,0],[0,0.88]],"v":[[24.3,-17.27],[-24.17,-17.27],[-25.5,-18.87],[-24.17,-20.47],[24.3,-20.47],[25.63,-18.87]],"c":true},"ix":2},"nm":"Path 10","mn":"ADBE Vector Shape - Group","hd":false},{"ind":10,"ty":"sh","ix":11,"ks":{"a":0,"k":{"i":[[0,1.12],[-1.11,0],[0,-1.11],[1.12,0]],"o":[[0,-1.11],[1.12,0],[0,1.12],[-1.11,0]],"v":[[17.28,-11.72],[19.29,-13.73],[21.31,-11.72],[19.29,-9.7]],"c":true},"ix":2},"nm":"Path 11","mn":"ADBE Vector Shape - Group","hd":false},{"ind":11,"ty":"sh","ix":12,"ks":{"a":0,"k":{"i":[[0,1.12],[-1.111,0],[0,-1.11],[1.109,0]],"o":[[0,-1.11],[1.109,0],[0,1.12],[-1.111,0]],"v":[[6.17,-11.72],[8.191,-13.73],[10.2,-11.72],[8.191,-9.7]],"c":true},"ix":2},"nm":"Path 12","mn":"ADBE Vector Shape - Group","hd":false},{"ind":12,"ty":"sh","ix":13,"ks":{"a":0,"k":{"i":[[0,1.12],[-1.11,0],[0,-1.11],[1.11,0]],"o":[[0,-1.11],[1.11,0],[0,1.12],[-1.11,0]],"v":[[-4.93,-11.72],[-2.92,-13.73],[-0.91,-11.72],[-2.92,-9.7]],"c":true},"ix":2},"nm":"Path 13","mn":"ADBE Vector Shape - Group","hd":false},{"ind":13,"ty":"sh","ix":14,"ks":{"a":0,"k":{"i":[[0.73,0],[0,0],[0,0.88],[-0.73,0],[0,0],[0,-0.88]],"o":[[0,0],[-0.73,0],[0,-0.88],[0,0],[0.73,0],[0,0.88]],"v":[[24.3,-2.22],[-24.17,-2.22],[-25.5,-3.82],[-24.17,-5.42],[24.3,-5.42],[25.63,-3.82]],"c":true},"ix":2},"nm":"Path 14","mn":"ADBE Vector Shape - Group","hd":false},{"ind":14,"ty":"sh","ix":15,"ks":{"a":0,"k":{"i":[[0,1.121],[-1.11,0],[0,-1.11],[1.12,0]],"o":[[0,-1.11],[1.12,0],[0,1.121],[-1.11,0]],"v":[[17.28,4.07],[19.29,2.06],[21.31,4.07],[19.29,6.09]],"c":true},"ix":2},"nm":"Path 15","mn":"ADBE Vector Shape - Group","hd":false},{"ind":15,"ty":"sh","ix":16,"ks":{"a":0,"k":{"i":[[0,1.121],[-1.111,0],[0,-1.11],[1.109,0]],"o":[[0,-1.11],[1.109,0],[0,1.121],[-1.111,0]],"v":[[6.17,4.07],[8.191,2.06],[10.2,4.07],[8.191,6.09]],"c":true},"ix":2},"nm":"Path 16","mn":"ADBE Vector Shape - Group","hd":false},{"ind":16,"ty":"sh","ix":17,"ks":{"a":0,"k":{"i":[[0,1.121],[-1.11,0],[0,-1.11],[1.11,0]],"o":[[0,-1.11],[1.11,0],[0,1.121],[-1.11,0]],"v":[[-4.93,4.07],[-2.92,2.06],[-0.91,4.07],[-2.92,6.09]],"c":true},"ix":2},"nm":"Path 17","mn":"ADBE Vector Shape - Group","hd":false},{"ind":17,"ty":"sh","ix":18,"ks":{"a":0,"k":{"i":[[0.73,0],[0,0],[0,0.88],[-0.73,0],[0,0],[0,-0.881]],"o":[[0,0],[-0.73,0],[0,-0.881],[0,0],[0.73,0],[0,0.88]],"v":[[24.3,12.83],[-24.17,12.83],[-25.5,11.231],[-24.17,9.63],[24.3,9.63],[25.63,11.231]],"c":true},"ix":2},"nm":"Path 18","mn":"ADBE Vector Shape - Group","hd":false},{"ind":18,"ty":"sh","ix":19,"ks":{"a":0,"k":{"i":[[0.73,0],[0,0],[0,0.88],[-0.73,0],[0,0],[0,-0.879]],"o":[[0,0],[-0.73,0],[0,-0.879],[0,0],[0.73,0],[0,0.88]],"v":[[24.3,27.88],[-24.17,27.88],[-25.5,26.28],[-24.17,24.691],[24.3,24.691],[25.63,26.28]],"c":true},"ix":2},"nm":"Path 19","mn":"ADBE Vector Shape - Group","hd":false},{"ind":19,"ty":"sh","ix":20,"ks":{"a":0,"k":{"i":[[0.73,0],[0,0],[0,0.89],[-0.73,0],[0,0],[0,-0.88]],"o":[[0,0],[-0.73,0],[0,-0.88],[0,0],[0.73,0],[0,0.89]],"v":[[24.3,42.93],[-24.17,42.93],[-25.5,41.33],[-24.17,39.74],[24.3,39.74],[25.63,41.33]],"c":true},"ix":2},"nm":"Path 20","mn":"ADBE Vector Shape - Group","hd":false},{"ind":20,"ty":"sh","ix":21,"ks":{"a":0,"k":{"i":[[2.661,0],[0,0],[0,3.21],[-2.66,0],[0,0],[0,-3.199]],"o":[[0,0],[-2.66,0],[0,-3.199],[0,0],[2.661,0],[0,3.21]],"v":[[20.74,62.91],[-20.74,62.91],[-25.56,57.1],[-20.74,51.3],[20.74,51.3],[25.56,57.1]],"c":true},"ix":2},"nm":"Path 21","mn":"ADBE Vector Shape - Group","hd":false},{"ind":21,"ty":"sh","ix":22,"ks":{"a":0,"k":{"i":[[2.86,0],[0,0],[0,-2.76],[0,0],[-2.86,0],[0,0],[0,-1.07],[-1.1,0],[0,0],[0,1.06],[1.11,0],[0,0],[0,2.761],[0,0]],"o":[[0,0],[-2.86,0],[0,0],[0,2.761],[0,0],[-1.1,0],[0,1.06],[0,0],[1.11,0],[0,-1.07],[0,0],[2.86,0],[0,0],[0,-2.76]],"v":[[26.81,-72.59],[-26.81,-72.59],[-32,-67.59],[-32,63.72],[-26.81,68.72],[-25.4,68.72],[-27.4,70.66],[-25.4,72.59],[25.39,72.59],[27.401,70.66],[25.39,68.72],[26.81,68.72],[32,63.72],[32,-67.59]],"c":true},"ix":2},"nm":"Path 22","mn":"ADBE Vector Shape - Group","hd":false},{"ty":"mm","mm":1,"nm":"Merge Paths 1","mn":"ADBE Vector Filter - Merge","hd":false},{"ty":"fl","c":{"a":0,"k":[1,1,1,1],"ix":4},"o":{"a":0,"k":100,"ix":5},"r":1,"bm":0,"nm":"Fill 1","mn":"ADBE Vector Graphic - Fill","hd":false},{"ty":"tr","p":{"a":0,"k":[88.25,72.84],"ix":2},"a":{"a":0,"k":[0,0],"ix":1},"s":{"a":0,"k":[100,100],"ix":3},"r":{"a":0,"k":0,"ix":6},"o":{"a":0,"k":100,"ix":7},"sk":{"a":0,"k":0,"ix":4},"sa":{"a":0,"k":0,"ix":5},"nm":"Transform"}],"nm":"Group 3","np":24,"cix":2,"bm":0,"ix":3,"mn":"ADBE Vector Group","hd":false}],"ip":0,"op":29,"st":0,"bm":0}],"markers":[]}