{"v":"5.5.8","fr":24,"ip":0,"op":48,"w":192,"h":192,"nm":"spa","ddd":0,"assets":[],"layers":[{"ddd":0,"ind":1,"ty":4,"nm":"main","sr":1,"ks":{"o":{"a":0,"k":100,"ix":11},"r":{"a":0,"k":0,"ix":10},"p":{"a":0,"k":[96.28,97.458,0],"ix":2},"a":{"a":0,"k":[91.97,54.792,0],"ix":1},"s":{"a":0,"k":[100,100,100],"ix":6}},"ao":0,"ef":[{"ty":21,"nm":"Fill","np":9,"mn":"ADBE Fill","ix":1,"en":1,"ef":[{"ty":10,"nm":"Fill Mask","mn":"ADBE Fill-0001","ix":1,"v":{"a":0,"k":0,"ix":1}},{"ty":7,"nm":"All Masks","mn":"ADBE Fill-0007","ix":2,"v":{"a":0,"k":0,"ix":2}},{"ty":2,"nm":"Color","mn":"ADBE Fill-0002","ix":3,"v":{"a":0,"k":[1,1,1,1],"ix":3}},{"ty":7,"nm":"Invert","mn":"ADBE Fill-0006","ix":4,"v":{"a":0,"k":0,"ix":4}},{"ty":0,"nm":"Horizontal Feather","mn":"ADBE Fill-0003","ix":5,"v":{"a":0,"k":0,"ix":5}},{"ty":0,"nm":"Vertical Feather","mn":"ADBE Fill-0004","ix":6,"v":{"a":0,"k":0,"ix":6}},{"ty":0,"nm":"Opacity","mn":"ADBE Fill-0005","ix":7,"v":{"a":0,"k":1,"ix":7}}]}],"shapes":[{"ty":"gr","it":[{"ind":0,"ty":"sh","ix":1,"ks":{"a":0,"k":{"i":[[0,-1.99],[1.99,0],[0,0],[0,1.989],[-1.98,0],[0,0]],"o":[[0,1.989],[0,0],[-1.98,0],[0,-1.99],[0,0],[1.99,0]],"v":[[34.89,-0.004],[31.28,3.605],[-31.29,3.605],[-34.89,-0.004],[-31.29,-3.605],[31.28,-3.605]],"c":true},"ix":2},"nm":"Path 1","mn":"ADBE Vector Shape - Group","hd":false},{"ty":"fl","c":{"a":0,"k":[0,0,0,1],"ix":4},"o":{"a":0,"k":100,"ix":5},"r":1,"bm":0,"nm":"Fill 1","mn":"ADBE Vector Graphic - Fill","hd":false},{"ty":"tr","p":{"a":0,"k":[148.8,67.119],"ix":2},"a":{"a":0,"k":[0,0],"ix":1},"s":{"a":0,"k":[100,100],"ix":3},"r":{"a":0,"k":0,"ix":6},"o":{"a":0,"k":100,"ix":7},"sk":{"a":0,"k":0,"ix":4},"sa":{"a":0,"k":0,"ix":5},"nm":"Transform"}],"nm":"Group 1","np":2,"cix":2,"bm":0,"ix":1,"mn":"ADBE Vector Group","hd":false},{"ty":"gr","it":[{"ind":0,"ty":"sh","ix":1,"ks":{"a":0,"k":{"i":[[0,-10.229],[2.31,-4.04],[0,0],[0,6.131],[-2.19,2.661],[-0.38,-0.459]],"o":[[0,6.131],[0,0],[-2.31,-4.04],[0,-10.229],[0.38,-0.459],[2.19,2.661]],"v":[[9.31,3.129],[4.71,18.85],[-4.71,18.85],[-9.31,3.129],[-0.73,-18.391],[0.73,-18.391]],"c":true},"ix":2},"nm":"Path 1","mn":"ADBE Vector Shape - Group","hd":false},{"ty":"fl","c":{"a":0,"k":[0,0,0,1],"ix":4},"o":{"a":0,"k":100,"ix":5},"r":1,"bm":0,"nm":"Fill 1","mn":"ADBE Vector Graphic - Fill","hd":false},{"ty":"tr","p":{"a":0,"k":[57.28,19.1],"ix":2},"a":{"a":0,"k":[0,0],"ix":1},"s":{"a":0,"k":[100,100],"ix":3},"r":{"a":0,"k":0,"ix":6},"o":{"a":0,"k":100,"ix":7},"sk":{"a":0,"k":0,"ix":4},"sa":{"a":0,"k":0,"ix":5},"nm":"Transform"}],"nm":"Group 2","np":2,"cix":2,"bm":0,"ix":2,"mn":"ADBE Vector Group","hd":false},{"ty":"gr","it":[{"ind":0,"ty":"sh","ix":1,"ks":{"a":0,"k":{"i":[[0.07,-0.59],[7.34,-7.229],[1.36,-0.92],[0,0],[0,5.961],[0.2,1.43],[-2.71,0.28]],"o":[[-0.35,3.41],[-1.22,1.21],[0,0],[2.12,-4.36],[0,-1.509],[6.5,-3.92],[0.6,-0.06]],"v":[[10.435,-11.645],[1.065,9.544],[-2.845,12.725],[-10.505,12.725],[-6.635,-2.996],[-6.955,-7.395],[9.405,-12.665]],"c":true},"ix":2},"nm":"Path 1","mn":"ADBE Vector Shape - Group","hd":false},{"ty":"fl","c":{"a":0,"k":[0,0,0,1],"ix":4},"o":{"a":0,"k":100,"ix":5},"r":1,"bm":0,"nm":"Fill 1","mn":"ADBE Vector Graphic - Fill","hd":false},{"ty":"tr","p":{"a":0,"k":[78.795,25.225],"ix":2},"a":{"a":0,"k":[0,0],"ix":1},"s":{"a":0,"k":[100,100],"ix":3},"r":{"a":0,"k":0,"ix":6},"o":{"a":0,"k":100,"ix":7},"sk":{"a":0,"k":0,"ix":4},"sa":{"a":0,"k":0,"ix":5},"nm":"Transform"}],"nm":"Group 3","np":2,"cix":2,"bm":0,"ix":3,"mn":"ADBE Vector Group","hd":false},{"ty":"gr","it":[{"ind":0,"ty":"sh","ix":1,"ks":{"a":0,"k":{"i":[[-2.12,-4.351],[0,0],[1.23,1.21],[0.35,3.41],[-0.6,-0.06],[-6.52,-3.96],[0,-1.489]],"o":[[0,0],[-1.37,-0.91],[-7.34,-7.229],[-0.07,-0.59],[2.72,0.28],[-0.2,1.41],[0,5.961]],"v":[[10.545,12.725],[2.825,12.725],[-1.105,9.544],[-10.475,-11.645],[-9.445,-12.665],[6.985,-7.345],[6.675,-2.996]],"c":true},"ix":2},"nm":"Path 1","mn":"ADBE Vector Shape - Group","hd":false},{"ty":"fl","c":{"a":0,"k":[0,0,0,1],"ix":4},"o":{"a":0,"k":100,"ix":5},"r":1,"bm":0,"nm":"Fill 1","mn":"ADBE Vector Graphic - Fill","hd":false},{"ty":"tr","p":{"a":0,"k":[35.725,25.225],"ix":2},"a":{"a":0,"k":[0,0],"ix":1},"s":{"a":0,"k":[100,100],"ix":3},"r":{"a":0,"k":0,"ix":6},"o":{"a":0,"k":100,"ix":7},"sk":{"a":0,"k":0,"ix":4},"sa":{"a":0,"k":0,"ix":5},"nm":"Transform"}],"nm":"Group 4","np":2,"cix":2,"bm":0,"ix":4,"mn":"ADBE Vector Group","hd":false},{"ty":"gr","it":[{"ind":0,"ty":"sh","ix":1,"ks":{"a":0,"k":{"i":[[0,0],[9.781,-5.557],[0.242,-1.026],[-0.531,-0.801],[0.037,-0.532],[1.352,0],[0,0],[0.084,1.239],[-0.289,0.438],[0.223,0.96],[0.933,0.531],[-0.01,11.226]],"o":[[0,11.226],[-0.923,0.522],[-0.225,0.96],[0.289,0.429],[-0.084,1.239],[0,0],[-1.343,0],[-0.037,-0.532],[0.531,-0.792],[-0.242,-1.026],[-9.781,-5.548],[0,0]],"v":[[31.286,-17.158],[15.426,8.282],[13.58,10.716],[14.046,13.447],[14.429,14.921],[11.836,17.158],[-11.837,17.158],[-14.43,14.921],[-14.047,13.438],[-13.581,10.716],[-15.427,8.273],[-31.277,-17.158]],"c":true},"ix":2},"nm":"Path 1","mn":"ADBE Vector Shape - Group","hd":false},{"ty":"fl","c":{"a":0,"k":[0,0,0,1],"ix":4},"o":{"a":0,"k":100,"ix":5},"r":1,"bm":0,"nm":"Fill 1","mn":"ADBE Vector Graphic - Fill","hd":false},{"ty":"tr","p":{"a":0,"k":[148.798,92.176],"ix":2},"a":{"a":0,"k":[0,0],"ix":1},"s":{"a":0,"k":[100,100],"ix":3},"r":{"a":0,"k":0,"ix":6},"o":{"a":0,"k":100,"ix":7},"sk":{"a":0,"k":0,"ix":4},"sa":{"a":0,"k":0,"ix":5},"nm":"Transform"}],"nm":"Group 5","np":2,"cix":2,"bm":0,"ix":5,"mn":"ADBE Vector Group","hd":false},{"ty":"gr","it":[{"ind":0,"ty":"sh","ix":1,"ks":{"a":0,"k":{"i":[[-5.402,0],[0,0],[-5.282,5.405],[-0.038,0.039],[0,0],[0,0],[0,-5.402]],"o":[[0,0],[-5.405,-5.282],[0.038,-0.039],[0,0],[0,0],[-5.402,0],[0,5.402]],"v":[[-7.929,9.781],[17.71,9.781],[17.487,-9.568],[17.602,-9.685],[17.7,-9.782],[-7.929,-9.782],[-17.71,-0.001]],"c":true},"ix":2},"nm":"Path 1","mn":"ADBE Vector Shape - Group","hd":false},{"ty":"fl","c":{"a":0,"k":[0,0,0,1],"ix":4},"o":{"a":0,"k":100,"ix":5},"r":1,"bm":0,"nm":"Fill 1","mn":"ADBE Vector Graphic - Fill","hd":false},{"ty":"tr","p":{"a":0,"k":[17.96,52.354],"ix":2},"a":{"a":0,"k":[0,0],"ix":1},"s":{"a":0,"k":[100,100],"ix":3},"r":{"a":0,"k":0,"ix":6},"o":{"a":0,"k":100,"ix":7},"sk":{"a":0,"k":0,"ix":4},"sa":{"a":0,"k":0,"ix":5},"nm":"Transform"}],"nm":"Group 6","np":2,"cix":2,"bm":0,"ix":6,"mn":"ADBE Vector Group","hd":false},{"ty":"gr","it":[{"ind":0,"ty":"sh","ix":1,"ks":{"a":0,"k":{"i":[[-5.402,0],[0,0],[-5.282,5.405],[-0.038,0.039],[0,0],[0,0],[0,-5.403]],"o":[[0,0],[-5.405,-5.281],[0.038,-0.039],[0,0],[0,0],[-5.402,0],[0,5.402]],"v":[[-7.929,9.781],[17.71,9.781],[17.487,-9.567],[17.602,-9.684],[17.7,-9.781],[-7.929,-9.781],[-17.71,0]],"c":true},"ix":2},"nm":"Path 1","mn":"ADBE Vector Shape - Group","hd":false},{"ty":"fl","c":{"a":0,"k":[0,0,0,1],"ix":4},"o":{"a":0,"k":100,"ix":5},"r":1,"bm":0,"nm":"Fill 1","mn":"ADBE Vector Graphic - Fill","hd":false},{"ty":"tr","p":{"a":0,"k":[17.96,75.829],"ix":2},"a":{"a":0,"k":[0,0],"ix":1},"s":{"a":0,"k":[100,100],"ix":3},"r":{"a":0,"k":0,"ix":6},"o":{"a":0,"k":100,"ix":7},"sk":{"a":0,"k":0,"ix":4},"sa":{"a":0,"k":0,"ix":5},"nm":"Transform"}],"nm":"Group 7","np":2,"cix":2,"bm":0,"ix":7,"mn":"ADBE Vector Group","hd":false},{"ty":"gr","it":[{"ind":0,"ty":"sh","ix":1,"ks":{"a":0,"k":{"i":[[-5.402,0],[0,0],[-5.282,5.405],[-0.038,0.038],[0,0],[0,0],[0,-5.403]],"o":[[0,0],[-5.405,-5.281],[0.038,-0.039],[0,0],[0,0],[-5.402,0],[0,5.401]],"v":[[-7.929,9.781],[17.71,9.781],[17.487,-9.568],[17.602,-9.684],[17.7,-9.781],[-7.929,-9.781],[-17.71,0]],"c":true},"ix":2},"nm":"Path 1","mn":"ADBE Vector Shape - Group","hd":false},{"ty":"fl","c":{"a":0,"k":[0,0,0,1],"ix":4},"o":{"a":0,"k":100,"ix":5},"r":1,"bm":0,"nm":"Fill 1","mn":"ADBE Vector Graphic - Fill","hd":false},{"ty":"tr","p":{"a":0,"k":[17.96,99.305],"ix":2},"a":{"a":0,"k":[0,0],"ix":1},"s":{"a":0,"k":[100,100],"ix":3},"r":{"a":0,"k":0,"ix":6},"o":{"a":0,"k":100,"ix":7},"sk":{"a":0,"k":0,"ix":4},"sa":{"a":0,"k":0,"ix":5},"nm":"Transform"}],"nm":"Group 8","np":2,"cix":2,"bm":0,"ix":8,"mn":"ADBE Vector Group","hd":false},{"ty":"gr","it":[{"ind":0,"ty":"sh","ix":1,"ks":{"a":0,"k":{"i":[[-1.08,0],[0,0],[0,2.161],[2.161,0],[0,0],[0,-5.402],[-5.402,0],[0,0],[0,2.16],[2.161,0],[0,0],[0,1.08]],"o":[[0,0],[2.161,0],[0,-2.16],[0,0],[-5.402,0],[0,5.402],[0,0],[2.161,0],[0,-2.161],[0,0],[-1.08,0],[0,-1.08]],"v":[[-27.388,-1.956],[33.256,-1.956],[37.169,-5.869],[33.256,-9.781],[-27.388,-9.781],[-37.169,0],[-27.388,9.781],[33.256,9.781],[37.169,5.869],[33.256,1.956],[-27.388,1.956],[-29.344,0]],"c":true},"ix":2},"nm":"Path 1","mn":"ADBE Vector Shape - Group","hd":false},{"ty":"fl","c":{"a":0,"k":[0,0,0,1],"ix":4},"o":{"a":0,"k":100,"ix":5},"r":1,"bm":0,"nm":"Fill 1","mn":"ADBE Vector Graphic - Fill","hd":false},{"ty":"tr","p":{"a":0,"k":[72.632,75.829],"ix":2},"a":{"a":0,"k":[0,0],"ix":1},"s":{"a":0,"k":[100,100],"ix":3},"r":{"a":0,"k":0,"ix":6},"o":{"a":0,"k":100,"ix":7},"sk":{"a":0,"k":0,"ix":4},"sa":{"a":0,"k":0,"ix":5},"nm":"Transform"}],"nm":"Group 9","np":2,"cix":2,"bm":0,"ix":9,"mn":"ADBE Vector Group","hd":false},{"ty":"gr","it":[{"ind":0,"ty":"sh","ix":1,"ks":{"a":0,"k":{"i":[[-5.402,0],[0,0],[0,2.161],[2.161,0],[0,0],[0,1.081],[-1.08,0],[0,0],[0,2.16],[2.161,0],[0,0],[0,-5.402]],"o":[[0,0],[2.161,0],[0,-2.161],[0,0],[-1.08,0],[0,-1.08],[0,0],[2.161,0],[0,-2.162],[0,0],[-5.402,0],[0,5.402]],"v":[[-27.388,9.781],[33.256,9.781],[37.169,5.868],[33.256,1.956],[-27.388,1.956],[-29.344,-0.001],[-27.388,-1.956],[33.256,-1.956],[37.169,-5.868],[33.256,-9.782],[-27.388,-9.782],[-37.169,-0.001]],"c":true},"ix":2},"nm":"Path 1","mn":"ADBE Vector Shape - Group","hd":false},{"ty":"fl","c":{"a":0,"k":[0,0,0,1],"ix":4},"o":{"a":0,"k":100,"ix":5},"r":1,"bm":0,"nm":"Fill 1","mn":"ADBE Vector Graphic - Fill","hd":false},{"ty":"tr","p":{"a":0,"k":[72.632,52.354],"ix":2},"a":{"a":0,"k":[0,0],"ix":1},"s":{"a":0,"k":[100,100],"ix":3},"r":{"a":0,"k":0,"ix":6},"o":{"a":0,"k":100,"ix":7},"sk":{"a":0,"k":0,"ix":4},"sa":{"a":0,"k":0,"ix":5},"nm":"Transform"}],"nm":"Group 10","np":2,"cix":2,"bm":0,"ix":10,"mn":"ADBE Vector Group","hd":false},{"ty":"gr","it":[{"ind":0,"ty":"sh","ix":1,"ks":{"a":0,"k":{"i":[[-1.08,0],[0,0],[0,2.161],[2.161,0],[0,0],[0,-5.402],[-5.402,0],[0,0],[0,2.161],[2.161,0],[0,0],[0,1.08]],"o":[[0,0],[2.161,0],[0,-2.161],[0,0],[-5.402,0],[0,5.401],[0,0],[2.161,0],[0,-2.16],[0,0],[-1.08,0],[0,-1.081]],"v":[[-27.388,-1.957],[33.256,-1.957],[37.169,-5.869],[33.256,-9.781],[-27.388,-9.781],[-37.169,0],[-27.388,9.781],[33.256,9.781],[37.169,5.868],[33.256,1.956],[-27.388,1.956],[-29.344,0]],"c":true},"ix":2},"nm":"Path 1","mn":"ADBE Vector Shape - Group","hd":false},{"ty":"fl","c":{"a":0,"k":[0,0,0,1],"ix":4},"o":{"a":0,"k":100,"ix":5},"r":1,"bm":0,"nm":"Fill 1","mn":"ADBE Vector Graphic - Fill","hd":false},{"ty":"tr","p":{"a":0,"k":[72.632,99.304],"ix":2},"a":{"a":0,"k":[0,0],"ix":1},"s":{"a":0,"k":[100,100],"ix":3},"r":{"a":0,"k":0,"ix":6},"o":{"a":0,"k":100,"ix":7},"sk":{"a":0,"k":0,"ix":4},"sa":{"a":0,"k":0,"ix":5},"nm":"Transform"}],"nm":"Group 11","np":2,"cix":2,"bm":0,"ix":11,"mn":"ADBE Vector Group","hd":false}],"ip":0,"op":48,"st":0,"bm":0},{"ddd":0,"ind":2,"ty":4,"nm":"mid","sr":1,"ks":{"o":{"a":0,"k":100,"ix":11},"r":{"a":0,"k":0,"ix":10},"p":{"a":0,"k":[142.5,156,0],"ix":2},"a":{"a":0,"k":[0,0,0],"ix":1},"s":{"a":0,"k":[100,100,100],"ix":6}},"ao":0,"ef":[{"ty":5,"nm":"CC Force Motion Blur","np":6,"mn":"CC Force Motion Blur","ix":1,"en":1,"ef":[{"ty":0,"nm":"Motion Blur Samples","mn":"CC Force Motion Blur-0001","ix":1,"v":{"a":0,"k":16,"ix":1}},{"ty":7,"nm":"Override Shutter Angle","mn":"CC Force Motion Blur-0002","ix":2,"v":{"a":0,"k":1,"ix":2}},{"ty":0,"nm":"Shutter Angle","mn":"CC Force Motion Blur-0003","ix":3,"v":{"a":0,"k":180,"ix":3}},{"ty":7,"nm":"Native Motion Blur","mn":"CC Force Motion Blur-0004","ix":4,"v":{"a":0,"k":2,"ix":4}}]},{"ty":5,"nm":"CC Force Motion Blur 2","np":6,"mn":"CC Force Motion Blur","ix":2,"en":1,"ef":[{"ty":0,"nm":"Motion Blur Samples","mn":"CC Force Motion Blur-0001","ix":1,"v":{"a":0,"k":16,"ix":1}},{"ty":7,"nm":"Override Shutter Angle","mn":"CC Force Motion Blur-0002","ix":2,"v":{"a":0,"k":1,"ix":2}},{"ty":0,"nm":"Shutter Angle","mn":"CC Force Motion Blur-0003","ix":3,"v":{"a":0,"k":180,"ix":3}},{"ty":7,"nm":"Native Motion Blur","mn":"CC Force Motion Blur-0004","ix":4,"v":{"a":0,"k":2,"ix":4}}]},{"ty":5,"nm":"CC Force Motion Blur 3","np":6,"mn":"CC Force Motion Blur","ix":3,"en":1,"ef":[{"ty":0,"nm":"Motion Blur Samples","mn":"CC Force Motion Blur-0001","ix":1,"v":{"a":0,"k":16,"ix":1}},{"ty":7,"nm":"Override Shutter Angle","mn":"CC Force Motion Blur-0002","ix":2,"v":{"a":0,"k":1,"ix":2}},{"ty":0,"nm":"Shutter Angle","mn":"CC Force Motion Blur-0003","ix":3,"v":{"a":0,"k":180,"ix":3}},{"ty":7,"nm":"Native Motion Blur","mn":"CC Force Motion Blur-0004","ix":4,"v":{"a":0,"k":2,"ix":4}}]}],"shapes":[{"ty":"gr","it":[{"ind":0,"ty":"sh","ix":1,"ks":{"a":0,"k":{"i":[[0,0],[-3.25,7.5],[1.75,3.75]],"o":[[0,0],[3.25,-7.5],[-1.75,-3.75]],"v":[[-5.5,-62.5],[-7.25,-73.75],[-5.5,-87.25]],"c":false},"ix":2},"nm":"Path 1","mn":"ADBE Vector Shape - Group","hd":false},{"ty":"st","c":{"a":0,"k":[1,1,1,1],"ix":3},"o":{"a":0,"k":100,"ix":4},"w":{"a":0,"k":2,"ix":5},"lc":1,"lj":1,"ml":4,"bm":0,"nm":"Stroke 1","mn":"ADBE Vector Graphic - Stroke","hd":false},{"ty":"tr","p":{"a":0,"k":[0,0],"ix":2},"a":{"a":0,"k":[0,0],"ix":1},"s":{"a":0,"k":[100,100],"ix":3},"r":{"a":0,"k":0,"ix":6},"o":{"a":0,"k":100,"ix":7},"sk":{"a":0,"k":0,"ix":4},"sa":{"a":0,"k":0,"ix":5},"nm":"Transform"}],"nm":"Shape 1","np":3,"cix":2,"bm":0,"ix":1,"mn":"ADBE Vector Group","hd":false},{"ty":"tm","s":{"a":1,"k":[{"i":{"x":[0.667],"y":[1]},"o":{"x":[0.333],"y":[0]},"t":13,"s":[0]},{"t":47,"s":[100]}],"ix":1},"e":{"a":1,"k":[{"i":{"x":[0.667],"y":[1]},"o":{"x":[0.333],"y":[0]},"t":0,"s":[0]},{"t":47,"s":[100]}],"ix":2},"o":{"a":0,"k":0,"ix":3},"m":1,"ix":2,"nm":"Trim Paths 1","mn":"ADBE Vector Filter - Trim","hd":false}],"ip":0,"op":48,"st":0,"bm":0},{"ddd":0,"ind":3,"ty":4,"nm":"handle","sr":1,"ks":{"o":{"a":0,"k":100,"ix":11},"r":{"a":0,"k":0,"ix":10},"p":{"a":1,"k":[{"i":{"x":0.667,"y":1},"o":{"x":0.333,"y":0},"t":0,"s":[174.785,92.76,0],"to":[0,0,0],"ti":[0,0,0]},{"i":{"x":0.667,"y":1},"o":{"x":0.333,"y":0},"t":24,"s":[157.785,92.76,0],"to":[0,0,0],"ti":[0,0,0]},{"t":47,"s":[174.785,92.76,0]}],"ix":2},"a":{"a":0,"k":[13.576,9.67,0],"ix":1},"s":{"a":0,"k":[100,100,100],"ix":6}},"ao":0,"ef":[{"ty":21,"nm":"Fill","np":9,"mn":"ADBE Fill","ix":1,"en":1,"ef":[{"ty":10,"nm":"Fill Mask","mn":"ADBE Fill-0001","ix":1,"v":{"a":0,"k":0,"ix":1}},{"ty":7,"nm":"All Masks","mn":"ADBE Fill-0007","ix":2,"v":{"a":0,"k":0,"ix":2}},{"ty":2,"nm":"Color","mn":"ADBE Fill-0002","ix":3,"v":{"a":0,"k":[1,1,1,1],"ix":3}},{"ty":7,"nm":"Invert","mn":"ADBE Fill-0006","ix":4,"v":{"a":0,"k":0,"ix":4}},{"ty":0,"nm":"Horizontal Feather","mn":"ADBE Fill-0003","ix":5,"v":{"a":0,"k":0,"ix":5}},{"ty":0,"nm":"Vertical Feather","mn":"ADBE Fill-0004","ix":6,"v":{"a":0,"k":0,"ix":6}},{"ty":0,"nm":"Opacity","mn":"ADBE Fill-0005","ix":7,"v":{"a":0,"k":1,"ix":7}}]},{"ty":5,"nm":"CC Force Motion Blur","np":6,"mn":"CC Force Motion Blur","ix":2,"en":1,"ef":[{"ty":0,"nm":"Motion Blur Samples","mn":"CC Force Motion Blur-0001","ix":1,"v":{"a":0,"k":16,"ix":1}},{"ty":7,"nm":"Override Shutter Angle","mn":"CC Force Motion Blur-0002","ix":2,"v":{"a":0,"k":1,"ix":2}},{"ty":0,"nm":"Shutter Angle","mn":"CC Force Motion Blur-0003","ix":3,"v":{"a":0,"k":180,"ix":3}},{"ty":7,"nm":"Native Motion Blur","mn":"CC Force Motion Blur-0004","ix":4,"v":{"a":0,"k":2,"ix":4}}]}],"shapes":[{"ty":"gr","it":[{"ind":0,"ty":"sh","ix":1,"ks":{"a":0,"k":{"i":[[2.011,-2.02],[0,0],[0,0],[0,0],[-2.011,-2.021],[0,0]],"o":[[0,0],[0,0],[0,0],[2.009,-2.021],[0,0],[2.011,2.021]],"v":[[11.315,0.42],[2.314,9.42],[-13.326,9.42],[3.496,-7.399],[10.786,-7.399],[11.315,-6.88]],"c":true},"ix":2},"nm":"Path 1","mn":"ADBE Vector Shape - Group","hd":false},{"ty":"fl","c":{"a":0,"k":[0,0,0,1],"ix":4},"o":{"a":0,"k":100,"ix":5},"r":1,"bm":0,"nm":"Fill 1","mn":"ADBE Vector Graphic - Fill","hd":false},{"ty":"tr","p":{"a":0,"k":[13.575,9.67],"ix":2},"a":{"a":0,"k":[0,0],"ix":1},"s":{"a":0,"k":[100,100],"ix":3},"r":{"a":0,"k":0,"ix":6},"o":{"a":0,"k":100,"ix":7},"sk":{"a":0,"k":0,"ix":4},"sa":{"a":0,"k":0,"ix":5},"nm":"Transform"}],"nm":"Group 1","np":2,"cix":2,"bm":0,"ix":1,"mn":"ADBE Vector Group","hd":false}],"ip":0,"op":48,"st":0,"bm":0}],"markers":[]}