{"v":"5.5.8","fr":24,"ip":0,"op":48,"w":192,"h":192,"nm":"watersports","ddd":0,"assets":[],"layers":[{"ddd":0,"ind":1,"ty":4,"nm":"main","sr":1,"ks":{"o":{"a":0,"k":100,"ix":11},"r":{"a":1,"k":[{"i":{"x":[0.667],"y":[1]},"o":{"x":[0.333],"y":[0]},"t":0,"s":[0]},{"i":{"x":[0.667],"y":[1]},"o":{"x":[0.333],"y":[0]},"t":15,"s":[-10]},{"t":48,"s":[0]}],"ix":10},"p":{"a":1,"k":[{"i":{"x":0.667,"y":1},"o":{"x":0.333,"y":0},"t":0,"s":[16.5,113.995,0],"to":[0,0,0],"ti":[0,0,0]},{"i":{"x":0.667,"y":1},"o":{"x":0.333,"y":0},"t":6,"s":[16.5,107.995,0],"to":[0,0,0],"ti":[0,0,0]},{"i":{"x":0.667,"y":1},"o":{"x":0.333,"y":0},"t":12,"s":[16.5,113.995,0],"to":[0,0,0],"ti":[0,0,0]},{"i":{"x":0.667,"y":1},"o":{"x":0.333,"y":0},"t":18,"s":[16.5,107.995,0],"to":[0,0,0],"ti":[0,0,0]},{"i":{"x":0.667,"y":1},"o":{"x":0.333,"y":0},"t":24,"s":[16.5,113.995,0],"to":[0,0,0],"ti":[0,0,0]},{"i":{"x":0.667,"y":1},"o":{"x":0.333,"y":0},"t":30,"s":[16.5,107.995,0],"to":[0,0,0],"ti":[0,0,0]},{"i":{"x":0.667,"y":1},"o":{"x":0.333,"y":0},"t":36,"s":[16.5,113.995,0],"to":[0,0,0],"ti":[0,0,0]},{"i":{"x":0.667,"y":1},"o":{"x":0.333,"y":0},"t":42,"s":[16.5,107.995,0],"to":[0,0,0],"ti":[0,0,0]},{"t":48,"s":[16.5,113.995,0]}],"ix":2},"a":{"a":0,"k":[14.573,125.083,0],"ix":1},"s":{"a":0,"k":[100,100,100],"ix":6}},"ao":0,"ef":[{"ty":5,"nm":"CC Force Motion Blur","np":6,"mn":"CC Force Motion Blur","ix":1,"en":1,"ef":[{"ty":0,"nm":"Motion Blur Samples","mn":"CC Force Motion Blur-0001","ix":1,"v":{"a":0,"k":16,"ix":1}},{"ty":7,"nm":"Override Shutter Angle","mn":"CC Force Motion Blur-0002","ix":2,"v":{"a":0,"k":1,"ix":2}},{"ty":0,"nm":"Shutter Angle","mn":"CC Force Motion Blur-0003","ix":3,"v":{"a":0,"k":180,"ix":3}},{"ty":7,"nm":"Native Motion Blur","mn":"CC Force Motion Blur-0004","ix":4,"v":{"a":0,"k":2,"ix":4}}]}],"shapes":[{"ty":"gr","it":[{"ind":0,"ty":"sh","ix":1,"ks":{"a":0,"k":{"i":[[28.21,-6.97],[54.1,10.46],[6.69,7.9],[0.14,1.079],[-30.81,-1.64],[-7.64,0],[-12.13,1.42],[-15.09,6.71]],"o":[[0,0],[-17.78,-3.83],[-0.65,-0.78],[9.43,1.769],[8.1,0.43],[13.88,0],[21.17,-2.47],[4.92,8.71]],"v":[[46.298,8.54],[-54.052,8.76],[-92.852,-8.85],[-94.002,-11.689],[-28.032,-3.9],[-4.412,-3.25],[34.678,-5.38],[89.248,-19.22]],"c":true},"ix":2},"nm":"Path 1","mn":"ADBE Vector Shape - Group","hd":false},{"ty":"fl","c":{"a":0,"k":[1,1,1,1],"ix":4},"o":{"a":0,"k":100,"ix":5},"r":1,"bm":0,"nm":"Fill 1","mn":"ADBE Vector Graphic - Fill","hd":false},{"ty":"tr","p":{"a":0,"k":[97.998,128.156],"ix":2},"a":{"a":0,"k":[0,0],"ix":1},"s":{"a":0,"k":[100,100],"ix":3},"r":{"a":0,"k":0,"ix":6},"o":{"a":0,"k":100,"ix":7},"sk":{"a":0,"k":0,"ix":4},"sa":{"a":0,"k":0,"ix":5},"nm":"Transform"}],"nm":"Group 1","np":4,"cix":2,"bm":0,"ix":1,"mn":"ADBE Vector Group","hd":false},{"ty":"gr","it":[{"ind":0,"ty":"sh","ix":1,"ks":{"a":0,"k":{"i":[[0,0],[-5.321,6.77],[1.639,0.41],[0,0],[0,2.75],[-2.759,0],[0,0],[-0.359,-0.08],[-12.41,-5.64],[-2.189,-0.77],[-13.141,-12.839],[33.17,1.759],[8.869,1.67],[0,0],[-8.19,2.26],[-0.009,0.53],[0,0],[-9.42,1.54],[0,0],[-0.68,-0.53],[0,0],[-18.79,0],[-2.549,0.63],[-4.41,9.32]],"o":[[0,0],[-7.121,-2.78],[0,0],[-2.759,0],[0,-2.76],[0,0],[0.361,0],[0.811,0.18],[1.84,-0.12],[17.261,6.08],[-34.531,14.811],[-31.121,-1.65],[0.9,-3.55],[1.665,-3.326],[0.48,-0.54],[0.1,-3.64],[0,0],[9.419,-1.55],[0.881,0.58],[0,0],[0.93,0.7],[2.61,0],[8.55,-2.12],[0,0]],"v":[[13.444,-0.38],[20.755,-16.88],[6.505,-21.51],[-1.006,-21.51],[-5.995,-26.49],[-1.006,-31.48],[7.094,-31.48],[8.184,-31.359],[31.474,-23.219],[37.524,-22.299],[89.625,15.48],[-23.765,29.721],[-89.625,21.921],[-87.035,15.201],[-73.015,7.581],[-72.236,5.98],[-84.236,2.881],[-71.975,-4.21],[-55.216,1.081],[-52.886,2.751],[-52.767,2.838],[-13.835,17.821],[-6.076,16.911],[13.429,-0.337]],"c":false},"ix":2},"nm":"Path 1","mn":"ADBE Vector Shape - Group","hd":false},{"ty":"fl","c":{"a":0,"k":[1,1,1,1],"ix":4},"o":{"a":0,"k":100,"ix":5},"r":1,"bm":0,"nm":"Fill 1","mn":"ADBE Vector Graphic - Fill","hd":false},{"ty":"tr","p":{"a":0,"k":[94.082,89.566],"ix":2},"a":{"a":0,"k":[0,0],"ix":1},"s":{"a":0,"k":[100,100],"ix":3},"r":{"a":0,"k":0,"ix":6},"o":{"a":0,"k":100,"ix":7},"sk":{"a":0,"k":0,"ix":4},"sa":{"a":0,"k":0,"ix":5},"nm":"Transform"}],"nm":"Group 2","np":2,"cix":2,"bm":0,"ix":2,"mn":"ADBE Vector Group","hd":false},{"ty":"gr","it":[{"ind":0,"ty":"sh","ix":1,"ks":{"a":0,"k":{"i":[[0,0],[6.82,-1.689],[7.72,4.87],[-3.241,0]],"o":[[-3.83,7.2],[-14.34,3.571],[11.22,-1.69],[0,0]],"v":[[27.75,-8.485],[11.72,4.914],[-27.75,-5.805],[-3.28,-8.485]],"c":true},"ix":2},"nm":"Path 1","mn":"ADBE Vector Shape - Group","hd":false},{"ty":"fl","c":{"a":0,"k":[1,1,1,1],"ix":4},"o":{"a":0,"k":100,"ix":5},"r":1,"bm":0,"nm":"Fill 1","mn":"ADBE Vector Graphic - Fill","hd":false},{"ty":"tr","p":{"a":0,"k":[75.327,97.672],"ix":2},"a":{"a":0,"k":[0,0],"ix":1},"s":{"a":0,"k":[100,100],"ix":3},"r":{"a":0,"k":0,"ix":6},"o":{"a":0,"k":100,"ix":7},"sk":{"a":0,"k":0,"ix":4},"sa":{"a":0,"k":0,"ix":5},"nm":"Transform"}],"nm":"Group 3","np":2,"cix":2,"bm":0,"ix":3,"mn":"ADBE Vector Group","hd":false}],"ip":0,"op":48,"st":0,"bm":0}],"markers":[]}