{"v":"5.5.8","fr":24,"ip":0,"op":48,"w":192,"h":192,"nm":"ac","ddd":0,"assets":[],"layers":[{"ddd":0,"ind":1,"ty":4,"nm":"center","sr":1,"ks":{"o":{"a":0,"k":100,"ix":11},"r":{"a":0,"k":0,"ix":10},"p":{"a":0,"k":[96,96,0],"ix":2},"a":{"a":0,"k":[0,0,0],"ix":1},"s":{"a":0,"k":[100,100,100],"ix":6}},"ao":0,"shapes":[{"ty":"gr","it":[{"ind":0,"ty":"sh","ix":1,"ks":{"a":0,"k":{"i":[[0,-4.41],[4.42,0],[0,4.42],[-4.42,0]],"o":[[0,4.42],[-4.42,0],[0,-4.41],[4.42,0]],"v":[[-22.003,-2.005],[-30.003,5.995],[-38.003,-2.005],[-30.003,-10.005]],"c":true},"ix":2},"nm":"Path 1","mn":"ADBE Vector Shape - Group","hd":false},{"ty":"fl","c":{"a":0,"k":[1,1,1,1],"ix":4},"o":{"a":0,"k":100,"ix":5},"r":1,"bm":0,"nm":"Fill 1","mn":"ADBE Vector Graphic - Fill","hd":false},{"ty":"tr","p":{"a":0,"k":[0,0],"ix":2},"a":{"a":0,"k":[0,0],"ix":1},"s":{"a":0,"k":[100,100],"ix":3},"r":{"a":0,"k":0,"ix":6},"o":{"a":0,"k":100,"ix":7},"sk":{"a":0,"k":0,"ix":4},"sa":{"a":0,"k":0,"ix":5},"nm":"Transform"}],"nm":"Group 1","np":2,"cix":2,"bm":0,"ix":1,"mn":"ADBE Vector Group","hd":false}],"ip":0,"op":48,"st":0,"bm":0},{"ddd":0,"ind":2,"ty":4,"nm":"fan","sr":1,"ks":{"o":{"a":0,"k":100,"ix":11},"r":{"a":1,"k":[{"i":{"x":[0.667],"y":[1]},"o":{"x":[0.333],"y":[0]},"t":0,"s":[0]},{"t":46,"s":[720]}],"ix":10},"p":{"a":0,"k":[66.002,94,0],"ix":2},"a":{"a":0,"k":[-29.998,-2,0],"ix":1},"s":{"a":0,"k":[100,100,100],"ix":6}},"ao":0,"ef":[{"ty":5,"nm":"CC Force Motion Blur","np":6,"mn":"CC Force Motion Blur","ix":1,"en":1,"ef":[{"ty":0,"nm":"Motion Blur Samples","mn":"CC Force Motion Blur-0001","ix":1,"v":{"a":0,"k":16,"ix":1}},{"ty":7,"nm":"Override Shutter Angle","mn":"CC Force Motion Blur-0002","ix":2,"v":{"a":0,"k":1,"ix":2}},{"ty":0,"nm":"Shutter Angle","mn":"CC Force Motion Blur-0003","ix":3,"v":{"a":0,"k":180,"ix":3}},{"ty":7,"nm":"Native Motion Blur","mn":"CC Force Motion Blur-0004","ix":4,"v":{"a":0,"k":2,"ix":4}}]}],"shapes":[{"ty":"gr","it":[{"ty":"gr","it":[{"ty":"gr","it":[{"ind":0,"ty":"sh","ix":1,"ks":{"a":0,"k":{"i":[[3.25,-2.01],[6.97,-0.2],[0,0],[0.08,0.02],[0.31,1.38],[-1.04,1.3],[0,0],[-0.72,-0.15],[-0.87,0],[-1.35,0.48],[-0.47,-0.86],[0,0],[-0.04,-0.13]],"o":[[-0.06,0.05],[0,0],[-6.6,0],[-1.51,-0.73],[-0.32,-1.37],[0,0],[0.46,-0.57],[0.83,0.16],[1.51,0],[0.93,-0.33],[0,0],[0.06,0.12],[1.15,3.45]],"v":[[-20.813,32.085],[-32.593,36.135],[-33.393,36.165],[-44.773,33.775],[-47.603,30.495],[-46.463,26.345],[-34.463,11.435],[-32.553,10.735],[-30.003,10.985],[-25.693,10.245],[-23.273,11.125],[-17.373,21.925],[-17.213,22.295]],"c":true},"ix":2},"nm":"Path 1","mn":"ADBE Vector Shape - Group","hd":false},{"ty":"fl","c":{"a":0,"k":[1,1,1,1],"ix":4},"o":{"a":0,"k":100,"ix":5},"r":1,"bm":0,"nm":"Fill 1","mn":"ADBE Vector Graphic - Fill","hd":false},{"ty":"tr","p":{"a":0,"k":[0,0],"ix":2},"a":{"a":0,"k":[0,0],"ix":1},"s":{"a":0,"k":[100,100],"ix":3},"r":{"a":0,"k":0,"ix":6},"o":{"a":0,"k":100,"ix":7},"sk":{"a":0,"k":0,"ix":4},"sa":{"a":0,"k":0,"ix":5},"nm":"Transform"}],"nm":"Group 1","np":2,"cix":2,"bm":0,"ix":1,"mn":"ADBE Vector Group","hd":false},{"ty":"gr","it":[{"ind":0,"ty":"sh","ix":1,"ks":{"a":0,"k":{"i":[[0.85,-0.46],[0,0],[0.11,-0.04],[0.84,0],[1.53,2.45],[0.21,6.98],[-0.03,0.08],[-1.8,0],[-1.02,-0.81],[0,0],[0.19,-0.76],[0,-1.08],[-0.38,-1.21]],"o":[[0,0],[-0.11,0.06],[-0.75,0.27],[-2.91,0],[-0.03,-0.05],[-0.21,-7.01],[0.91,-1.87],[1.09,0],[0,0],[0.6,0.49],[-0.26,1],[0,1.34],[0.28,0.93]],"v":[[-43.343,4.225],[-53.793,9.935],[-54.123,10.085],[-56.543,10.495],[-63.923,6.485],[-67.983,-5.295],[-65.613,-17.455],[-61.403,-20.415],[-58.153,-19.165],[-43.273,-7.175],[-42.593,-5.135],[-42.983,-2.005],[-42.403,1.835]],"c":true},"ix":2},"nm":"Path 1","mn":"ADBE Vector Shape - Group","hd":false},{"ty":"fl","c":{"a":0,"k":[1,1,1,1],"ix":4},"o":{"a":0,"k":100,"ix":5},"r":1,"bm":0,"nm":"Fill 1","mn":"ADBE Vector Graphic - Fill","hd":false},{"ty":"tr","p":{"a":0,"k":[0,0],"ix":2},"a":{"a":0,"k":[0,0],"ix":1},"s":{"a":0,"k":[100,100],"ix":3},"r":{"a":0,"k":0,"ix":6},"o":{"a":0,"k":100,"ix":7},"sk":{"a":0,"k":0,"ix":4},"sa":{"a":0,"k":0,"ix":5},"nm":"Transform"}],"nm":"Group 2","np":2,"cix":2,"bm":0,"ix":2,"mn":"ADBE Vector Group","hd":false},{"ty":"gr","it":[{"ind":0,"ty":"sh","ix":1,"ks":{"a":0,"k":{"i":[[1.07,-1.3],[0,0],[0.78,0.24],[1.32,0],[0.95,-0.22],[0.44,0.8],[0,0],[0.05,0.13],[-3.24,2.01],[-6.94,0.18],[0,0],[-0.08,-0.05],[-0.31,-1.41]],"o":[[0,0],[-0.52,0.63],[-1.2,-0.36],[-1.02,0],[-0.89,0.21],[0,0],[-0.07,-0.12],[-1.14,-3.48],[0.03,-0.05],[0,0],[6.61,0],[1.5,0.73],[0.31,1.37]],"v":[[-11.743,-30.345],[-24.053,-15.065],[-26.203,-14.425],[-30.003,-14.985],[-32.963,-14.645],[-35.203,-15.615],[-40.833,-25.925],[-41.003,-26.295],[-37.373,-36.085],[-25.623,-40.135],[-24.823,-40.165],[-13.423,-37.775],[-10.593,-34.495]],"c":true},"ix":2},"nm":"Path 1","mn":"ADBE Vector Shape - Group","hd":false},{"ty":"fl","c":{"a":0,"k":[1,1,1,1],"ix":4},"o":{"a":0,"k":100,"ix":5},"r":1,"bm":0,"nm":"Fill 1","mn":"ADBE Vector Graphic - Fill","hd":false},{"ty":"tr","p":{"a":0,"k":[0,0],"ix":2},"a":{"a":0,"k":[0,0],"ix":1},"s":{"a":0,"k":[100,100],"ix":3},"r":{"a":0,"k":0,"ix":6},"o":{"a":0,"k":100,"ix":7},"sk":{"a":0,"k":0,"ix":4},"sa":{"a":0,"k":0,"ix":5},"nm":"Transform"}],"nm":"Group 3","np":2,"cix":2,"bm":0,"ix":3,"mn":"ADBE Vector Group","hd":false},{"ty":"gr","it":[{"ind":0,"ty":"sh","ix":1,"ks":{"a":0,"k":{"i":[[0.05,-0.08],[1.77,0],[1.01,0.83],[0,0],[-0.27,0.8],[0,1.45],[0.19,0.88],[-0.79,0.44],[0,0],[-0.13,0.04],[-0.87,0],[-1.5,-2.45],[-0.21,-6.97]],"o":[[-0.88,1.87],[-1.12,0],[0,0],[-0.65,-0.52],[0.44,-1.3],[0,-0.93],[-0.19,-0.88],[0,0],[0.12,-0.07],[0.75,-0.25],[2.91,0],[0.06,0.02],[0.21,7.02]],"v":[[5.617,14.935],[1.437,17.875],[-1.813,16.625],[-17.063,4.325],[-17.693,2.135],[-17.013,-2.005],[-17.303,-4.735],[-16.323,-6.955],[-6.203,-12.465],[-5.833,-12.625],[-3.423,-13.005],[3.927,-9.005],[7.987,2.745]],"c":true},"ix":2},"nm":"Path 1","mn":"ADBE Vector Shape - Group","hd":false},{"ty":"fl","c":{"a":0,"k":[1,1,1,1],"ix":4},"o":{"a":0,"k":100,"ix":5},"r":1,"bm":0,"nm":"Fill 1","mn":"ADBE Vector Graphic - Fill","hd":false},{"ty":"tr","p":{"a":0,"k":[0,0],"ix":2},"a":{"a":0,"k":[0,0],"ix":1},"s":{"a":0,"k":[100,100],"ix":3},"r":{"a":0,"k":0,"ix":6},"o":{"a":0,"k":100,"ix":7},"sk":{"a":0,"k":0,"ix":4},"sa":{"a":0,"k":0,"ix":5},"nm":"Transform"}],"nm":"Group 4","np":2,"cix":2,"bm":0,"ix":4,"mn":"ADBE Vector Group","hd":false},{"ty":"tr","p":{"a":0,"k":[0,0],"ix":2},"a":{"a":0,"k":[0,0],"ix":1},"s":{"a":0,"k":[100,100],"ix":3},"r":{"a":0,"k":0,"ix":6},"o":{"a":0,"k":100,"ix":7},"sk":{"a":0,"k":0,"ix":4},"sa":{"a":0,"k":0,"ix":5},"nm":"Transform"}],"nm":"Group 1","np":4,"cix":2,"bm":0,"ix":1,"mn":"ADBE Vector Group","hd":false},{"ty":"tr","p":{"a":0,"k":[0,0],"ix":2},"a":{"a":0,"k":[0,0],"ix":1},"s":{"a":0,"k":[100,100],"ix":3},"r":{"a":0,"k":0,"ix":6},"o":{"a":0,"k":100,"ix":7},"sk":{"a":0,"k":0,"ix":4},"sa":{"a":0,"k":0,"ix":5},"nm":"Transform"}],"nm":"Group 1","np":1,"cix":2,"bm":0,"ix":1,"mn":"ADBE Vector Group","hd":false}],"ip":0,"op":48,"st":0,"bm":0},{"ddd":0,"ind":3,"ty":4,"nm":"main","sr":1,"ks":{"o":{"a":0,"k":100,"ix":11},"r":{"a":0,"k":0,"ix":10},"p":{"a":0,"k":[96,96,0],"ix":2},"a":{"a":0,"k":[0,0,0],"ix":1},"s":{"a":0,"k":[100,100,100],"ix":6}},"ao":0,"shapes":[{"ty":"gr","it":[{"ind":0,"ty":"sh","ix":1,"ks":{"a":0,"k":{"i":[[1.11,0],[0,0],[0.36,0.36],[0,0.55],[-1.1,0],[0,0],[-0.36,-0.36],[0,-0.55]],"o":[[0,0],[-0.55,0],[-0.37,-0.37],[0,-1.1],[0,0],[0.56,0],[0.36,0.36],[0,1.11]],"v":[[77.997,-48.005],[37.997,-48.005],[36.587,-48.585],[35.997,-50.005],[37.997,-52.005],[77.997,-52.005],[79.417,-51.415],[79.997,-50.005]],"c":true},"ix":2},"nm":"Path 1","mn":"ADBE Vector Shape - Group","hd":false},{"ind":1,"ty":"sh","ix":2,"ks":{"a":0,"k":{"i":[[1.11,0],[0,0],[0.36,0.36],[0,0.55],[-1.1,0],[0,0],[-0.36,-0.36],[0,-0.55]],"o":[[0,0],[-0.55,0],[-0.37,-0.37],[0,-1.1],[0,0],[0.56,0],[0.36,0.36],[0,1.11]],"v":[[77.997,-39.205],[37.997,-39.205],[36.587,-39.785],[35.997,-41.205],[37.997,-43.205],[77.997,-43.205],[79.417,-42.615],[79.997,-41.205]],"c":true},"ix":2},"nm":"Path 2","mn":"ADBE Vector Shape - Group","hd":false},{"ind":2,"ty":"sh","ix":3,"ks":{"a":0,"k":{"i":[[1.11,0],[0,0],[0.36,0.36],[0,0.55],[-1.1,0],[0,0],[-0.36,-0.36],[0,-0.55]],"o":[[0,0],[-0.55,0],[-0.37,-0.37],[0,-1.1],[0,0],[0.56,0],[0.36,0.36],[0,1.11]],"v":[[77.997,-30.405],[37.997,-30.405],[36.587,-30.985],[35.997,-32.405],[37.997,-34.405],[77.997,-34.405],[79.417,-33.815],[79.997,-32.405]],"c":true},"ix":2},"nm":"Path 3","mn":"ADBE Vector Shape - Group","hd":false},{"ind":3,"ty":"sh","ix":4,"ks":{"a":0,"k":{"i":[[1.11,0],[0,0],[0.36,0.36],[0,0.55],[-1.1,0],[0,0],[-0.36,-0.36],[0,-0.55]],"o":[[0,0],[-0.55,0],[-0.37,-0.37],[0,-1.1],[0,0],[0.56,0],[0.36,0.36],[0,1.11]],"v":[[77.997,-21.605],[37.997,-21.605],[36.587,-22.185],[35.997,-23.605],[37.997,-25.605],[77.997,-25.605],[79.417,-25.015],[79.997,-23.605]],"c":true},"ix":2},"nm":"Path 4","mn":"ADBE Vector Shape - Group","hd":false},{"ind":4,"ty":"sh","ix":5,"ks":{"a":0,"k":{"i":[[1.11,0],[0,0],[0.36,0.36],[0,0.55],[-1.1,0],[0,0],[-0.36,-0.36],[0,-0.55]],"o":[[0,0],[-0.55,0],[-0.37,-0.37],[0,-1.1],[0,0],[0.56,0],[0.36,0.36],[0,1.11]],"v":[[77.997,-12.805],[37.997,-12.805],[36.587,-13.385],[35.997,-14.805],[37.997,-16.805],[77.997,-16.805],[79.417,-16.215],[79.997,-14.805]],"c":true},"ix":2},"nm":"Path 5","mn":"ADBE Vector Shape - Group","hd":false},{"ind":5,"ty":"sh","ix":6,"ks":{"a":0,"k":{"i":[[1.11,0],[0,0],[0.36,0.36],[0,0.55],[-1.1,0],[0,0],[-0.36,-0.36],[0,-0.55]],"o":[[0,0],[-0.55,0],[-0.37,-0.37],[0,-1.1],[0,0],[0.56,0],[0.36,0.36],[0,1.11]],"v":[[77.997,-4.005],[37.997,-4.005],[36.587,-4.585],[35.997,-6.005],[37.997,-8.005],[77.997,-8.005],[79.417,-7.415],[79.997,-6.005]],"c":true},"ix":2},"nm":"Path 6","mn":"ADBE Vector Shape - Group","hd":false},{"ind":6,"ty":"sh","ix":7,"ks":{"a":0,"k":{"i":[[0,0],[2.75,0],[0,0],[0,2.75],[0,0],[-2.75,0],[0,0],[0,-2.75]],"o":[[0,2.75],[0,0],[-2.75,0],[0,0],[0,-2.75],[0,0],[2.75,0],[0,0]],"v":[[79.997,42.975],[74.997,47.975],[40.997,47.975],[35.997,42.975],[35.997,8.975],[40.997,3.975],[74.997,3.975],[79.997,8.975]],"c":true},"ix":2},"nm":"Path 7","mn":"ADBE Vector Shape - Group","hd":false},{"ind":7,"ty":"sh","ix":8,"ks":{"a":0,"k":{"i":[[27.62,0],[0,27.62],[-27.61,0],[0,-27.61]],"o":[[-27.61,0],[0,-27.61],[27.62,0],[0,27.62]],"v":[[-30.003,47.995],[-80.003,-2.005],[-30.003,-52.005],[19.997,-2.005]],"c":true},"ix":2},"nm":"Path 8","mn":"ADBE Vector Shape - Group","hd":false},{"ind":8,"ty":"sh","ix":9,"ks":{"a":0,"k":{"i":[[2.75,0],[0,0],[0,-2.75],[0,0],[-2.75,0],[0,0],[0,0],[-2.75,0],[0,0],[0,2.75],[0,0],[0,0],[0,0],[-2.75,0],[0,0],[0,2.75],[0,0],[0,0],[0,2.75],[0,0]],"o":[[0,0],[-2.75,0],[0,0],[0,2.75],[0,0],[0,0],[0,2.75],[0,0],[2.75,0],[0,0],[0,0],[0,0],[0,2.75],[0,0],[2.75,0],[0,0],[0,0],[2.75,0],[0,0],[0,-2.75]],"v":[[86.997,-64.005],[-87.003,-64.005],[-92.003,-59.005],[-92.003,54.995],[-87.003,59.995],[-72.003,59.995],[-72.003,66.995],[-67.003,71.995],[-53.003,71.995],[-48.003,66.995],[-48.003,59.995],[47.997,59.995],[47.997,66.995],[52.997,71.995],[66.997,71.995],[71.997,66.995],[71.997,59.995],[86.997,59.995],[91.997,54.995],[91.997,-59.005]],"c":true},"ix":2},"nm":"Path 9","mn":"ADBE Vector Shape - Group","hd":false},{"ty":"fl","c":{"a":0,"k":[1,1,1,1],"ix":4},"o":{"a":0,"k":100,"ix":5},"r":1,"bm":0,"nm":"Fill 1","mn":"ADBE Vector Graphic - Fill","hd":false},{"ty":"tr","p":{"a":0,"k":[0,0],"ix":2},"a":{"a":0,"k":[0,0],"ix":1},"s":{"a":0,"k":[100,100],"ix":3},"r":{"a":0,"k":0,"ix":6},"o":{"a":0,"k":100,"ix":7},"sk":{"a":0,"k":0,"ix":4},"sa":{"a":0,"k":0,"ix":5},"nm":"Transform"}],"nm":"Group 1","np":10,"cix":2,"bm":0,"ix":1,"mn":"ADBE Vector Group","hd":false}],"ip":0,"op":48,"st":0,"bm":0}],"markers":[]}