{"v":"5.5.8","fr":24,"ip":0,"op":48,"w":192,"h":192,"nm":"bed","ddd":0,"assets":[],"layers":[{"ddd":0,"ind":1,"ty":4,"nm":"pillows","sr":1,"ks":{"o":{"a":0,"k":100,"ix":11,"x":"var $bm_rt;\nvar opacityInertialBounce, opacityBounceBack, n, n, t, t, v, amp, freq, decay, v, amp, freq, decay, e, g, nMax, e, g, nMax, n, n, t, v, vl, vu, vu, tCur, segDur, tNext, nb, delta;\nopacityInertialBounce = effect('Bounce & Drop - ukramedia.com')(44);\nopacityBounceBack = effect('Bounce & Drop - ukramedia.com')(45);\ntry {\n    if (opacityInertialBounce == 1) {\n        $bm_rt = n = 0;\n        if (numKeys > 0) {\n            $bm_rt = n = nearestKey(time).index;\n            if (key(n).time > time) {\n                n--;\n            }\n        }\n        if (n == 0) {\n            $bm_rt = t = 0;\n        } else {\n            $bm_rt = t = $bm_sub(time, key(n).time);\n        }\n        if (effect('Bounce & Drop - ukramedia.com')(58) == 1) {\n            if (n > 0 && t < 1) {\n                v = velocityAtTime($bm_sub(key(n).time, $bm_div(thisComp.frameDuration, 10)));\n                amp = effect('Bounce & Drop - ukramedia.com')(59);\n                freq = effect('Bounce & Drop - ukramedia.com')(60);\n                decay = effect('Bounce & Drop - ukramedia.com')(61);\n                $bm_rt = $bm_sum(value, $bm_div($bm_mul($bm_mul(v, amp), Math.sin($bm_mul($bm_mul($bm_mul(freq, t), 2), Math.PI))), Math.exp($bm_mul(decay, t))));\n            } else {\n                $bm_rt = value;\n            }\n        } else {\n            if (n > 0 && t < 1) {\n                v = velocityAtTime($bm_sub(key(n).time, $bm_div(thisComp.frameDuration, 10)));\n                amp = effect('Bounce & Drop - ukramedia.com')(47);\n                freq = effect('Bounce & Drop - ukramedia.com')(48);\n                decay = effect('Bounce & Drop - ukramedia.com')(49);\n                $bm_rt = $bm_sum(value, $bm_div($bm_mul($bm_mul(v, amp), Math.sin($bm_mul($bm_mul($bm_mul(freq, t), 2), Math.PI))), Math.exp($bm_mul(decay, t))));\n            } else {\n                $bm_rt = value;\n            }\n        }\n    } else if (opacityBounceBack == 1) {\n        if (effect('Bounce & Drop - ukramedia.com')(64) == 1) {\n            e = effect('Bounce & Drop - ukramedia.com')(65);\n            g = effect('Bounce & Drop - ukramedia.com')(66);\n            nMax = effect('Bounce & Drop - ukramedia.com')(67);\n        } else {\n            e = effect('Bounce & Drop - ukramedia.com')(52);\n            g = effect('Bounce & Drop - ukramedia.com')(53);\n            nMax = effect('Bounce & Drop - ukramedia.com')(54);\n        }\n        $bm_rt = n = 0;\n        if (numKeys > 0) {\n            $bm_rt = n = nearestKey(time).index;\n            if (key(n).time > time)\n                n--;\n        }\n        if (n > 0) {\n            t = $bm_sub(time, key(n).time);\n            v = $bm_mul($bm_neg(velocityAtTime($bm_sub(key(n).time, 0.001))), e);\n            vl = length(v);\n            if ($bm_isInstanceOfArray(value)) {\n                vu = vl > 0 ? normalize(v) : [\n                    0,\n                    0,\n                    0\n                ];\n            } else {\n                vu = v < 0 ? -1 : 1;\n            }\n            tCur = 0;\n            segDur = $bm_div($bm_mul(2, vl), g);\n            tNext = segDur;\n            nb = 1;\n            while (tNext < t && nb <= nMax) {\n                vl *= e;\n                segDur *= e;\n                tCur = tNext;\n                tNext = $bm_sum(tNext, segDur);\n                nb++;\n            }\n            if (nb <= nMax) {\n                delta = $bm_sub(t, tCur);\n                $bm_rt = $bm_sum(value, $bm_mul($bm_mul(vu, delta), $bm_sub(vl, $bm_div($bm_mul(g, delta), 2))));\n            } else {\n                $bm_rt = value;\n            }\n        } else\n            $bm_rt = value;\n    } else {\n        $bm_rt = value;\n    }\n} catch (err) {\n    $bm_rt = value;\n}"},"r":{"a":0,"k":0,"ix":10,"x":"var $bm_rt;\nvar rotationInertialBounce, rotationBounceBack, n, n, t, t, v, amp, freq, decay, v, amp, freq, decay, e, g, nMax, e, g, nMax, n, n, t, v, vl, vu, vu, tCur, segDur, tNext, nb, delta;\nrotationInertialBounce = effect('Bounce & Drop - ukramedia.com')(30);\nrotationBounceBack = effect('Bounce & Drop - ukramedia.com')(31);\ntry {\n    if (rotationInertialBounce == 1) {\n        $bm_rt = n = 0;\n        if (numKeys > 0) {\n            $bm_rt = n = nearestKey(time).index;\n            if (key(n).time > time) {\n                n--;\n            }\n        }\n        if (n == 0) {\n            $bm_rt = t = 0;\n        } else {\n            $bm_rt = t = $bm_sub(time, key(n).time);\n        }\n        if (effect('Bounce & Drop - ukramedia.com')(58) == 1) {\n            if (n > 0 && t < 1) {\n                v = velocityAtTime($bm_sub(key(n).time, $bm_div(thisComp.frameDuration, 10)));\n                amp = effect('Bounce & Drop - ukramedia.com')(59);\n                freq = effect('Bounce & Drop - ukramedia.com')(60);\n                decay = effect('Bounce & Drop - ukramedia.com')(61);\n                $bm_rt = $bm_sum(value, $bm_div($bm_mul($bm_mul(v, amp), Math.sin($bm_mul($bm_mul($bm_mul(freq, t), 2), Math.PI))), Math.exp($bm_mul(decay, t))));\n            } else {\n                $bm_rt = value;\n            }\n        } else {\n            if (n > 0 && t < 1) {\n                v = velocityAtTime($bm_sub(key(n).time, $bm_div(thisComp.frameDuration, 10)));\n                amp = effect('Bounce & Drop - ukramedia.com')(33);\n                freq = effect('Bounce & Drop - ukramedia.com')(34);\n                decay = effect('Bounce & Drop - ukramedia.com')(35);\n                $bm_rt = $bm_sum(value, $bm_div($bm_mul($bm_mul(v, amp), Math.sin($bm_mul($bm_mul($bm_mul(freq, t), 2), Math.PI))), Math.exp($bm_mul(decay, t))));\n            } else {\n                $bm_rt = value;\n            }\n        }\n    } else if (rotationBounceBack == 1) {\n        if (effect('Bounce & Drop - ukramedia.com')(64) == 1) {\n            e = effect('Bounce & Drop - ukramedia.com')(65);\n            g = effect('Bounce & Drop - ukramedia.com')(66);\n            nMax = effect('Bounce & Drop - ukramedia.com')(67);\n        } else {\n            e = effect('Bounce & Drop - ukramedia.com')(38);\n            g = effect('Bounce & Drop - ukramedia.com')(39);\n            nMax = effect('Bounce & Drop - ukramedia.com')(40);\n        }\n        $bm_rt = n = 0;\n        if (numKeys > 0) {\n            $bm_rt = n = nearestKey(time).index;\n            if (key(n).time > time)\n                n--;\n        }\n        if (n > 0) {\n            t = $bm_sub(time, key(n).time);\n            v = $bm_mul($bm_neg(velocityAtTime($bm_sub(key(n).time, 0.001))), e);\n            vl = length(v);\n            if ($bm_isInstanceOfArray(value)) {\n                vu = vl > 0 ? normalize(v) : [\n                    0,\n                    0,\n                    0\n                ];\n            } else {\n                vu = v < 0 ? -1 : 1;\n            }\n            tCur = 0;\n            segDur = $bm_div($bm_mul(2, vl), g);\n            tNext = segDur;\n            nb = 1;\n            while (tNext < t && nb <= nMax) {\n                vl *= e;\n                segDur *= e;\n                tCur = tNext;\n                tNext = $bm_sum(tNext, segDur);\n                nb++;\n            }\n            if (nb <= nMax) {\n                delta = $bm_sub(t, tCur);\n                $bm_rt = $bm_sum(value, $bm_mul($bm_mul(vu, delta), $bm_sub(vl, $bm_div($bm_mul(g, delta), 2))));\n            } else {\n                $bm_rt = value;\n            }\n        } else\n            $bm_rt = value;\n    } else {\n        $bm_rt = value;\n    }\n} catch (err) {\n    $bm_rt = value;\n}"},"p":{"a":1,"k":[{"i":{"x":0.833,"y":0.833},"o":{"x":0.167,"y":0.167},"t":14,"s":[96,91.57,0],"to":[0,0,0],"ti":[0,0,0]},{"t":23,"s":[96,91.57,0]}],"ix":2,"x":"var $bm_rt;\nvar positionInertialBounce, positionBounceBack, n, n, t, t, v, amp, freq, decay, v, amp, freq, decay, e, g, nMax, e, g, nMax, n, n, t, v, vl, vu, vu, tCur, segDur, tNext, nb, delta;\npositionInertialBounce = effect('Bounce & Drop - ukramedia.com')(2);\npositionBounceBack = effect('Bounce & Drop - ukramedia.com')(3);\ntry {\n    if (positionInertialBounce == 1) {\n        $bm_rt = n = 0;\n        if (numKeys > 0) {\n            $bm_rt = n = nearestKey(time).index;\n            if (key(n).time > time) {\n                n--;\n            }\n        }\n        if (n == 0) {\n            $bm_rt = t = 0;\n        } else {\n            $bm_rt = t = $bm_sub(time, key(n).time);\n        }\n        if (effect('Bounce & Drop - ukramedia.com')(58) == 1) {\n            if (n > 0 && t < 1) {\n                v = velocityAtTime($bm_sub(key(n).time, $bm_div(thisComp.frameDuration, 10)));\n                amp = effect('Bounce & Drop - ukramedia.com')(59);\n                freq = effect('Bounce & Drop - ukramedia.com')(60);\n                decay = effect('Bounce & Drop - ukramedia.com')(61);\n                $bm_rt = $bm_sum(value, $bm_div($bm_mul($bm_mul(v, amp), Math.sin($bm_mul($bm_mul($bm_mul(freq, t), 2), Math.PI))), Math.exp($bm_mul(decay, t))));\n            } else {\n                $bm_rt = value;\n            }\n        } else {\n            if (n > 0 && t < 1) {\n                v = velocityAtTime($bm_sub(key(n).time, $bm_div(thisComp.frameDuration, 10)));\n                amp = effect('Bounce & Drop - ukramedia.com')(5);\n                freq = effect('Bounce & Drop - ukramedia.com')(6);\n                decay = effect('Bounce & Drop - ukramedia.com')(7);\n                $bm_rt = $bm_sum(value, $bm_div($bm_mul($bm_mul(v, amp), Math.sin($bm_mul($bm_mul($bm_mul(freq, t), 2), Math.PI))), Math.exp($bm_mul(decay, t))));\n            } else {\n                $bm_rt = value;\n            }\n        }\n    } else if (positionBounceBack == 1) {\n        if (effect('Bounce & Drop - ukramedia.com')(64) == 1) {\n            e = effect('Bounce & Drop - ukramedia.com')(65);\n            g = effect('Bounce & Drop - ukramedia.com')(66);\n            nMax = effect('Bounce & Drop - ukramedia.com')(67);\n        } else {\n            e = effect('Bounce & Drop - ukramedia.com')(10);\n            g = effect('Bounce & Drop - ukramedia.com')(11);\n            nMax = effect('Bounce & Drop - ukramedia.com')(12);\n        }\n        $bm_rt = n = 0;\n        if (numKeys > 0) {\n            $bm_rt = n = nearestKey(time).index;\n            if (key(n).time > time)\n                n--;\n        }\n        if (n > 0) {\n            t = $bm_sub(time, key(n).time);\n            v = $bm_mul($bm_neg(velocityAtTime($bm_sub(key(n).time, 0.001))), e);\n            vl = length(v);\n            if ($bm_isInstanceOfArray(value)) {\n                vu = vl > 0 ? normalize(v) : [\n                    0,\n                    0,\n                    0\n                ];\n            } else {\n                vu = v < 0 ? -1 : 1;\n            }\n            tCur = 0;\n            segDur = $bm_div($bm_mul(2, vl), g);\n            tNext = segDur;\n            nb = 1;\n            while (tNext < t && nb <= nMax) {\n                vl *= e;\n                segDur *= e;\n                tCur = tNext;\n                tNext = $bm_sum(tNext, segDur);\n                nb++;\n            }\n            if (nb <= nMax) {\n                delta = $bm_sub(t, tCur);\n                $bm_rt = $bm_sum(value, $bm_mul($bm_mul(vu, delta), $bm_sub(vl, $bm_div($bm_mul(g, delta), 2))));\n            } else {\n                $bm_rt = value;\n            }\n        } else\n            $bm_rt = value;\n    } else {\n        $bm_rt = value;\n    }\n} catch (err) {\n    $bm_rt = value;\n}"},"a":{"a":0,"k":[55.13,20.02,0],"ix":1},"s":{"a":1,"k":[{"i":{"x":[0.833,0.833,0.833],"y":[0.833,0.833,0.833]},"o":{"x":[0.167,0.167,0.167],"y":[0.167,0.167,0.167]},"t":0,"s":[85,85,100]},{"i":{"x":[0.833,0.833,0.833],"y":[0.833,0.833,0.833]},"o":{"x":[0.167,0.167,0.167],"y":[0.167,0.167,0.167]},"t":14,"s":[100,100,100]},{"i":{"x":[0.833,0.833,0.833],"y":[0.833,0.833,0.833]},"o":{"x":[0.167,0.167,0.167],"y":[0.167,0.167,0.167]},"t":23,"s":[100,100,100]},{"t":35,"s":[85,85,100]}],"ix":6,"x":"var $bm_rt;\nvar scaleInertialBounce, scaleBounceBack, n, n, t, t, v, amp, freq, decay, v, amp, freq, decay, e, g, nMax, e, g, nMax, n, n, t, v, vl, vu, vu, tCur, segDur, tNext, nb, delta;\nscaleInertialBounce = effect('Bounce & Drop - ukramedia.com')(16);\nscaleBounceBack = effect('Bounce & Drop - ukramedia.com')(17);\ntry {\n    if (scaleInertialBounce == 1) {\n        $bm_rt = n = 0;\n        if (numKeys > 0) {\n            $bm_rt = n = nearestKey(time).index;\n            if (key(n).time > time) {\n                n--;\n            }\n        }\n        if (n == 0) {\n            $bm_rt = t = 0;\n        } else {\n            $bm_rt = t = $bm_sub(time, key(n).time);\n        }\n        if (effect('Bounce & Drop - ukramedia.com')(58) == 1) {\n            if (n > 0 && t < 1) {\n                v = velocityAtTime($bm_sub(key(n).time, $bm_div(thisComp.frameDuration, 10)));\n                amp = effect('Bounce & Drop - ukramedia.com')(59);\n                freq = effect('Bounce & Drop - ukramedia.com')(60);\n                decay = effect('Bounce & Drop - ukramedia.com')(61);\n                $bm_rt = $bm_sum(value, $bm_div($bm_mul($bm_mul(v, amp), Math.sin($bm_mul($bm_mul($bm_mul(freq, t), 2), Math.PI))), Math.exp($bm_mul(decay, t))));\n            } else {\n                $bm_rt = value;\n            }\n        } else {\n            if (n > 0 && t < 1) {\n                v = velocityAtTime($bm_sub(key(n).time, $bm_div(thisComp.frameDuration, 10)));\n                amp = effect('Bounce & Drop - ukramedia.com')(19);\n                freq = effect('Bounce & Drop - ukramedia.com')(20);\n                decay = effect('Bounce & Drop - ukramedia.com')(21);\n                $bm_rt = $bm_sum(value, $bm_div($bm_mul($bm_mul(v, amp), Math.sin($bm_mul($bm_mul($bm_mul(freq, t), 2), Math.PI))), Math.exp($bm_mul(decay, t))));\n            } else {\n                $bm_rt = value;\n            }\n        }\n    } else if (scaleBounceBack == 1) {\n        if (effect('Bounce & Drop - ukramedia.com')(64) == 1) {\n            e = effect('Bounce & Drop - ukramedia.com')(65);\n            g = effect('Bounce & Drop - ukramedia.com')(66);\n            nMax = effect('Bounce & Drop - ukramedia.com')(67);\n        } else {\n            e = effect('Bounce & Drop - ukramedia.com')(24);\n            g = effect('Bounce & Drop - ukramedia.com')(25);\n            nMax = effect('Bounce & Drop - ukramedia.com')(26);\n        }\n        $bm_rt = n = 0;\n        if (numKeys > 0) {\n            $bm_rt = n = nearestKey(time).index;\n            if (key(n).time > time)\n                n--;\n        }\n        if (n > 0) {\n            t = $bm_sub(time, key(n).time);\n            v = $bm_mul($bm_neg(velocityAtTime($bm_sub(key(n).time, 0.001))), e);\n            vl = length(v);\n            if ($bm_isInstanceOfArray(value)) {\n                vu = vl > 0 ? normalize(v) : [\n                    0,\n                    0,\n                    0\n                ];\n            } else {\n                vu = v < 0 ? -1 : 1;\n            }\n            tCur = 0;\n            segDur = $bm_div($bm_mul(2, vl), g);\n            tNext = segDur;\n            nb = 1;\n            while (tNext < t && nb <= nMax) {\n                vl *= e;\n                segDur *= e;\n                tCur = tNext;\n                tNext = $bm_sum(tNext, segDur);\n                nb++;\n            }\n            if (nb <= nMax) {\n                delta = $bm_sub(t, tCur);\n                $bm_rt = $bm_sum(value, $bm_mul($bm_mul(vu, delta), $bm_sub(vl, $bm_div($bm_mul(g, delta), 2))));\n            } else {\n                $bm_rt = value;\n            }\n        } else\n            $bm_rt = value;\n    } else {\n        $bm_rt = value;\n    }\n} catch (err) {\n    $bm_rt = value;\n}"}},"ao":0,"ef":[{"ty":5,"nm":"Bounce & Drop - ukramedia.com","np":70,"mn":"Pseudo/animationControl","ix":1,"en":1,"ef":[{"ty":6,"nm":"Position","mn":"Pseudo/animationControl-0001","ix":1,"v":0},{"ty":7,"nm":"Enable Inertial Bounce","mn":"Pseudo/animationControl-0002","ix":2,"v":{"a":0,"k":1,"ix":2}},{"ty":7,"nm":"Enable Bounce Back","mn":"Pseudo/animationControl-0003","ix":3,"v":{"a":0,"k":0,"ix":3}},{"ty":6,"nm":"Inertial Bounce Options","mn":"Pseudo/animationControl-0004","ix":4,"v":0},{"ty":0,"nm":"Amplitude","mn":"Pseudo/animationControl-0005","ix":5,"v":{"a":0,"k":0.05,"ix":5}},{"ty":0,"nm":"Frequency","mn":"Pseudo/animationControl-0006","ix":6,"v":{"a":0,"k":4,"ix":6}},{"ty":0,"nm":"Decay","mn":"Pseudo/animationControl-0007","ix":7,"v":{"a":0,"k":8,"ix":7}},{"ty":6,"nm":"","mn":"Pseudo/animationControl-0008","ix":8,"v":0},{"ty":6,"nm":"Bounce Back Options","mn":"Pseudo/animationControl-0009","ix":9,"v":0},{"ty":0,"nm":"Elasticity","mn":"Pseudo/animationControl-0010","ix":10,"v":{"a":0,"k":0.7,"ix":10}},{"ty":0,"nm":"Gravity","mn":"Pseudo/animationControl-0011","ix":11,"v":{"a":0,"k":5000,"ix":11}},{"ty":0,"nm":"nMax","mn":"Pseudo/animationControl-0012","ix":12,"v":{"a":0,"k":9,"ix":12}},{"ty":6,"nm":"","mn":"Pseudo/animationControl-0013","ix":13,"v":0},{"ty":6,"nm":"","mn":"Pseudo/animationControl-0014","ix":14,"v":0},{"ty":6,"nm":"Scale","mn":"Pseudo/animationControl-0015","ix":15,"v":0},{"ty":7,"nm":"Enable Inertial Bounce","mn":"Pseudo/animationControl-0016","ix":16,"v":{"a":0,"k":1,"ix":16}},{"ty":7,"nm":"Enable Bounce Back","mn":"Pseudo/animationControl-0017","ix":17,"v":{"a":0,"k":0,"ix":17}},{"ty":6,"nm":"Inertial Bounce Options","mn":"Pseudo/animationControl-0018","ix":18,"v":0},{"ty":0,"nm":"Amplitude","mn":"Pseudo/animationControl-0019","ix":19,"v":{"a":0,"k":0.05,"ix":19}},{"ty":0,"nm":"Frequency","mn":"Pseudo/animationControl-0020","ix":20,"v":{"a":0,"k":4,"ix":20}},{"ty":0,"nm":"Decay","mn":"Pseudo/animationControl-0021","ix":21,"v":{"a":0,"k":8,"ix":21}},{"ty":6,"nm":"","mn":"Pseudo/animationControl-0022","ix":22,"v":0},{"ty":6,"nm":"Bounce Back Options","mn":"Pseudo/animationControl-0023","ix":23,"v":0},{"ty":0,"nm":"Elasticity","mn":"Pseudo/animationControl-0024","ix":24,"v":{"a":0,"k":0.7,"ix":24}},{"ty":0,"nm":"Gravity","mn":"Pseudo/animationControl-0025","ix":25,"v":{"a":0,"k":5000,"ix":25}},{"ty":0,"nm":"nMax","mn":"Pseudo/animationControl-0026","ix":26,"v":{"a":0,"k":9,"ix":26}},{"ty":6,"nm":"","mn":"Pseudo/animationControl-0027","ix":27,"v":0},{"ty":6,"nm":"","mn":"Pseudo/animationControl-0028","ix":28,"v":0},{"ty":6,"nm":"Rotation","mn":"Pseudo/animationControl-0029","ix":29,"v":0},{"ty":7,"nm":"Enable Inertial Bounce","mn":"Pseudo/animationControl-0030","ix":30,"v":{"a":0,"k":0,"ix":30}},{"ty":7,"nm":"Enable Bounce Back","mn":"Pseudo/animationControl-0031","ix":31,"v":{"a":0,"k":0,"ix":31}},{"ty":6,"nm":"Inertial Bounce Options","mn":"Pseudo/animationControl-0032","ix":32,"v":0},{"ty":0,"nm":"Amplitude","mn":"Pseudo/animationControl-0033","ix":33,"v":{"a":0,"k":0.05,"ix":33}},{"ty":0,"nm":"Frequency","mn":"Pseudo/animationControl-0034","ix":34,"v":{"a":0,"k":4,"ix":34}},{"ty":0,"nm":"Decay","mn":"Pseudo/animationControl-0035","ix":35,"v":{"a":0,"k":8,"ix":35}},{"ty":6,"nm":"","mn":"Pseudo/animationControl-0036","ix":36,"v":0},{"ty":6,"nm":"Bounce Back Options","mn":"Pseudo/animationControl-0037","ix":37,"v":0},{"ty":0,"nm":"Elasticity","mn":"Pseudo/animationControl-0038","ix":38,"v":{"a":0,"k":0.7,"ix":38}},{"ty":0,"nm":"Gravity","mn":"Pseudo/animationControl-0039","ix":39,"v":{"a":0,"k":5000,"ix":39}},{"ty":0,"nm":"nMax","mn":"Pseudo/animationControl-0040","ix":40,"v":{"a":0,"k":9,"ix":40}},{"ty":6,"nm":"","mn":"Pseudo/animationControl-0041","ix":41,"v":0},{"ty":6,"nm":"","mn":"Pseudo/animationControl-0042","ix":42,"v":0},{"ty":6,"nm":"Opacity","mn":"Pseudo/animationControl-0043","ix":43,"v":0},{"ty":7,"nm":"Enable Inertial Bounce","mn":"Pseudo/animationControl-0044","ix":44,"v":{"a":0,"k":0,"ix":44}},{"ty":7,"nm":"Enable Bounce Back","mn":"Pseudo/animationControl-0045","ix":45,"v":{"a":0,"k":0,"ix":45}},{"ty":6,"nm":"Inertial Bounce Options","mn":"Pseudo/animationControl-0046","ix":46,"v":0},{"ty":0,"nm":"Amplitude","mn":"Pseudo/animationControl-0047","ix":47,"v":{"a":0,"k":0.05,"ix":47}},{"ty":0,"nm":"Frequency","mn":"Pseudo/animationControl-0048","ix":48,"v":{"a":0,"k":4,"ix":48}},{"ty":0,"nm":"Decay","mn":"Pseudo/animationControl-0049","ix":49,"v":{"a":0,"k":8,"ix":49}},{"ty":6,"nm":"","mn":"Pseudo/animationControl-0050","ix":50,"v":0},{"ty":6,"nm":"Bounce Back Options","mn":"Pseudo/animationControl-0051","ix":51,"v":0},{"ty":0,"nm":"Elasticity","mn":"Pseudo/animationControl-0052","ix":52,"v":{"a":0,"k":0.7,"ix":52}},{"ty":0,"nm":"Gravity","mn":"Pseudo/animationControl-0053","ix":53,"v":{"a":0,"k":5000,"ix":53}},{"ty":0,"nm":"nMax","mn":"Pseudo/animationControl-0054","ix":54,"v":{"a":0,"k":9,"ix":54}},{"ty":6,"nm":"","mn":"Pseudo/animationControl-0055","ix":55,"v":0},{"ty":6,"nm":"","mn":"Pseudo/animationControl-0056","ix":56,"v":0},{"ty":6,"nm":"Global Inertial Bounce Options","mn":"Pseudo/animationControl-0057","ix":57,"v":0},{"ty":7,"nm":"Enable Global Inertial Bounce","mn":"Pseudo/animationControl-0058","ix":58,"v":{"a":0,"k":0,"ix":58}},{"ty":0,"nm":"Amplitude","mn":"Pseudo/animationControl-0059","ix":59,"v":{"a":0,"k":0.05,"ix":59}},{"ty":0,"nm":"Frequency","mn":"Pseudo/animationControl-0060","ix":60,"v":{"a":0,"k":4,"ix":60}},{"ty":0,"nm":"Decay","mn":"Pseudo/animationControl-0061","ix":61,"v":{"a":0,"k":8,"ix":61}},{"ty":6,"nm":"","mn":"Pseudo/animationControl-0062","ix":62,"v":0},{"ty":6,"nm":"Global Bounce Back Options","mn":"Pseudo/animationControl-0063","ix":63,"v":0},{"ty":7,"nm":"Enable Global Bounce Back","mn":"Pseudo/animationControl-0064","ix":64,"v":{"a":0,"k":0,"ix":64}},{"ty":0,"nm":"Elasticity","mn":"Pseudo/animationControl-0065","ix":65,"v":{"a":0,"k":0.7,"ix":65}},{"ty":0,"nm":"Gravity","mn":"Pseudo/animationControl-0066","ix":66,"v":{"a":0,"k":5000,"ix":66}},{"ty":0,"nm":"nMax","mn":"Pseudo/animationControl-0067","ix":67,"v":{"a":0,"k":9,"ix":67}},{"ty":6,"nm":"","mn":"Pseudo/animationControl-0068","ix":68,"v":0}]},{"ty":5,"nm":"CC Force Motion Blur","np":6,"mn":"CC Force Motion Blur","ix":2,"en":1,"ef":[{"ty":0,"nm":"Motion Blur Samples","mn":"CC Force Motion Blur-0001","ix":1,"v":{"a":0,"k":16,"ix":1}},{"ty":7,"nm":"Override Shutter Angle","mn":"CC Force Motion Blur-0002","ix":2,"v":{"a":0,"k":1,"ix":2}},{"ty":0,"nm":"Shutter Angle","mn":"CC Force Motion Blur-0003","ix":3,"v":{"a":0,"k":180,"ix":3}},{"ty":7,"nm":"Native Motion Blur","mn":"CC Force Motion Blur-0004","ix":4,"v":{"a":0,"k":2,"ix":4}}]}],"shapes":[{"ty":"gr","it":[{"ind":0,"ty":"sh","ix":1,"ks":{"a":0,"k":{"i":[[1.26,-3.3],[0.08,-0.28],[0.62,0],[2.34,1.73],[2.239,-0.23],[2.13,0],[2.74,0.29],[2.5,0.67],[0.12,0],[0.151,0.54],[-1.19,2.16],[0,2.53],[-1.25,3.31],[-0.069,0.27],[-0.62,0],[-2.339,-1.73],[-2.24,0.23],[-2.13,0],[-2.74,-0.28],[-2.5,-0.66],[-0.12,0],[-0.15,-0.55],[1.22,-2.2],[0,-2.52]],"o":[[1.2,2.16],[-0.15,0.54],[-0.12,0],[-2.5,0.67],[-2.74,0.29],[-2.13,0],[-2.24,-0.23],[-2.339,1.73],[-0.62,0],[-0.069,-0.28],[-1.25,-3.3],[0,-2.52],[-1.19,-2.16],[0.151,-0.55],[0.12,0],[2.5,-0.66],[2.74,-0.28],[2.13,0],[2.239,0.23],[2.34,-1.73],[0.62,0],[0.03,0.11],[1.26,3.31],[0,2.53]],"v":[[21.62,10.01],[22.14,14.85],[20.84,15.77],[15.65,14.02],[7.78,15.32],[0,15.77],[-7.78,15.32],[-15.651,14.02],[-20.84,15.77],[-22.151,14.85],[-21.63,10.01],[-22.88,0],[-21.63,-10.01],[-22.151,-14.84],[-20.84,-15.77],[-15.651,-14.02],[-7.78,-15.32],[0,-15.77],[7.78,-15.32],[15.65,-14.02],[20.84,-15.77],[22.14,-14.84],[21.62,-10.01],[22.88,0]],"c":true},"ix":2},"nm":"Path 1","mn":"ADBE Vector Shape - Group","hd":false},{"ty":"fl","c":{"a":0,"k":[1,1,1,1],"ix":4},"o":{"a":0,"k":100,"ix":5},"r":1,"bm":0,"nm":"Fill 1","mn":"ADBE Vector Graphic - Fill","hd":false},{"ty":"tr","p":{"a":0,"k":[83.13,20.02],"ix":2},"a":{"a":0,"k":[0,0],"ix":1},"s":{"a":0,"k":[100,100],"ix":3},"r":{"a":0,"k":0,"ix":6},"o":{"a":0,"k":100,"ix":7},"sk":{"a":0,"k":0,"ix":4},"sa":{"a":0,"k":0,"ix":5},"nm":"Transform"}],"nm":"Group 1","np":2,"cix":2,"bm":0,"ix":1,"mn":"ADBE Vector Group","hd":false},{"ty":"gr","it":[{"ind":0,"ty":"sh","ix":1,"ks":{"a":0,"k":{"i":[[0.08,-0.28],[0.62,0],[2.34,1.73],[2.239,-0.23],[2.13,0],[2.74,0.29],[2.5,0.67],[0.12,0],[0.15,0.54],[-1.19,2.16],[0,2.53],[-1.25,3.31],[-0.069,0.27],[-0.621,0],[-2.34,-1.73],[-2.239,0.23],[-2.13,0],[-2.741,-0.28],[-2.5,-0.66],[-0.12,0],[-0.149,-0.55],[1.22,-2.2],[0,-2.52],[1.26,-3.3]],"o":[[-0.149,0.54],[-0.12,0],[-2.5,0.67],[-2.741,0.29],[-2.13,0],[-2.239,-0.23],[-2.34,1.73],[-0.621,0],[-0.069,-0.28],[-1.25,-3.3],[0,-2.52],[-1.19,-2.16],[0.15,-0.55],[0.12,0],[2.5,-0.66],[2.74,-0.28],[2.13,0],[2.239,0.23],[2.34,-1.73],[0.62,0],[0.03,0.11],[1.26,3.31],[0,2.53],[1.201,2.16]],"v":[[22.14,14.85],[20.84,15.77],[15.651,14.02],[7.781,15.32],[0,15.77],[-7.78,15.32],[-15.65,14.02],[-20.839,15.77],[-22.15,14.85],[-21.63,10.01],[-22.88,0],[-21.63,-10.01],[-22.15,-14.84],[-20.839,-15.77],[-15.65,-14.02],[-7.78,-15.32],[0,-15.77],[7.781,-15.32],[15.651,-14.02],[20.84,-15.77],[22.14,-14.84],[21.62,-10.01],[22.88,0],[21.62,10.01]],"c":true},"ix":2},"nm":"Path 1","mn":"ADBE Vector Shape - Group","hd":false},{"ind":1,"ty":"sh","ix":2,"ks":{"a":0,"k":{"i":[[0,2.42],[1,3.59],[0.099,0.36],[2.42,0],[2.721,-1.4],[1.88,0.19],[2.26,0],[2.87,-0.29],[2.359,-0.5],[0.57,0],[0.63,-2.27],[-0.87,-2.75],[0,-2.42],[-1,-3.58],[-0.221,-0.81],[-2.411,0],[-2.721,1.4],[-1.88,-0.19],[-2.259,0],[-2.87,0.3],[-2.359,0.5],[-0.57,0],[-0.62,2.29],[0.88,2.75]],"o":[[0,-2.42],[0.92,-2.98],[-0.611,-2.25],[-0.57,0],[-2.359,-0.5],[-2.87,-0.29],[-2.259,0],[-1.88,0.19],[-2.721,-1.4],[-2.411,0],[-0.23,0.82],[-0.991,3.58],[0,2.42],[-0.879,2.74],[0.639,2.3],[0.57,0],[2.359,0.5],[2.87,0.3],[2.26,0],[1.88,-0.19],[2.721,1.4],[2.42,0],[0.22,-0.8],[1,-3.58]],"v":[[26.88,0],[25.88,-9.85],[25.991,-15.93],[20.84,-19.77],[14.97,-18.29],[8.191,-19.3],[0,-19.77],[-8.19,-19.3],[-14.969,-18.29],[-20.839,-19.77],[-26,-15.91],[-25.889,-9.83],[-26.88,0],[-25.88,9.84],[-26.009,15.89],[-20.839,19.77],[-14.969,18.29],[-8.19,19.3],[0,19.77],[8.191,19.3],[14.97,18.29],[20.84,19.77],[26,15.89],[25.88,9.84]],"c":true},"ix":2},"nm":"Path 2","mn":"ADBE Vector Shape - Group","hd":false},{"ty":"mm","mm":1,"nm":"Merge Paths 1","mn":"ADBE Vector Filter - Merge","hd":false},{"ty":"fl","c":{"a":0,"k":[0.773000021542,0.536999990426,0.090000002992,1],"ix":4},"o":{"a":0,"k":100,"ix":5},"r":1,"bm":0,"nm":"Fill 1","mn":"ADBE Vector Graphic - Fill","hd":false},{"ty":"tr","p":{"a":0,"k":[83.129,20.02],"ix":2},"a":{"a":0,"k":[0,0],"ix":1},"s":{"a":0,"k":[100,100],"ix":3},"r":{"a":0,"k":0,"ix":6},"o":{"a":0,"k":100,"ix":7},"sk":{"a":0,"k":0,"ix":4},"sa":{"a":0,"k":0,"ix":5},"nm":"Transform"}],"nm":"Group 2","np":4,"cix":2,"bm":0,"ix":2,"mn":"ADBE Vector Group","hd":false},{"ty":"gr","it":[{"ind":0,"ty":"sh","ix":1,"ks":{"a":0,"k":{"i":[[0.08,-0.28],[0.62,0],[2.34,1.73],[2.24,-0.23],[2.13,0],[2.74,0.29],[2.5,0.67],[0.12,0],[0.15,0.54],[-1.19,2.16],[0,2.53],[-1.25,3.31],[-0.07,0.27],[-0.62,0],[-2.34,-1.73],[-2.24,0.23],[-2.13,0],[-2.74,-0.28],[-2.5,-0.66],[-0.12,0],[-0.15,-0.55],[1.22,-2.2],[0,-2.52],[1.26,-3.3]],"o":[[-0.15,0.54],[-0.12,0],[-2.5,0.67],[-2.74,0.29],[-2.13,0],[-2.24,-0.23],[-2.34,1.73],[-0.62,0],[-0.07,-0.28],[-1.25,-3.3],[0,-2.52],[-1.19,-2.16],[0.15,-0.55],[0.12,0],[2.5,-0.66],[2.74,-0.28],[2.13,0],[2.24,0.23],[2.34,-1.73],[0.62,0],[0.03,0.11],[1.26,3.31],[0,2.53],[1.2,2.16]],"v":[[22.14,14.85],[20.84,15.77],[15.65,14.02],[7.78,15.32],[0,15.77],[-7.78,15.32],[-15.65,14.02],[-20.84,15.77],[-22.15,14.85],[-21.63,10.01],[-22.88,0],[-21.63,-10.01],[-22.15,-14.84],[-20.84,-15.77],[-15.65,-14.02],[-7.78,-15.32],[0,-15.77],[7.78,-15.32],[15.65,-14.02],[20.84,-15.77],[22.14,-14.84],[21.62,-10.01],[22.88,0],[21.62,10.01]],"c":true},"ix":2},"nm":"Path 1","mn":"ADBE Vector Shape - Group","hd":false},{"ind":1,"ty":"sh","ix":2,"ks":{"a":0,"k":{"i":[[0,2.42],[1,3.59],[0.1,0.36],[2.42,0],[2.72,-1.4],[1.88,0.19],[2.26,0],[2.87,-0.29],[2.36,-0.5],[0.57,0],[0.63,-2.27],[-0.87,-2.75],[0,-2.42],[-1,-3.58],[-0.22,-0.81],[-2.41,0],[-2.72,1.4],[-1.88,-0.19],[-2.26,0],[-2.87,0.3],[-2.36,0.5],[-0.57,0],[-0.62,2.29],[0.88,2.75]],"o":[[0,-2.42],[0.92,-2.98],[-0.61,-2.25],[-0.57,0],[-2.36,-0.5],[-2.87,-0.29],[-2.26,0],[-1.88,0.19],[-2.72,-1.4],[-2.41,0],[-0.23,0.82],[-0.99,3.58],[0,2.42],[-0.88,2.74],[0.64,2.3],[0.57,0],[2.36,0.5],[2.87,0.3],[2.26,0],[1.88,-0.19],[2.72,1.4],[2.42,0],[0.22,-0.8],[1,-3.58]],"v":[[26.88,0],[25.88,-9.85],[25.99,-15.93],[20.84,-19.77],[14.97,-18.29],[8.19,-19.3],[0,-19.77],[-8.19,-19.3],[-14.97,-18.29],[-20.84,-19.77],[-26,-15.91],[-25.89,-9.83],[-26.88,0],[-25.88,9.84],[-26.01,15.89],[-20.84,19.77],[-14.97,18.29],[-8.19,19.3],[0,19.77],[8.19,19.3],[14.97,18.29],[20.84,19.77],[26,15.89],[25.88,9.84]],"c":true},"ix":2},"nm":"Path 2","mn":"ADBE Vector Shape - Group","hd":false},{"ty":"mm","mm":1,"nm":"Merge Paths 1","mn":"ADBE Vector Filter - Merge","hd":false},{"ty":"fl","c":{"a":0,"k":[0.773000021542,0.536999990426,0.090000002992,1],"ix":4},"o":{"a":0,"k":100,"ix":5},"r":1,"bm":0,"nm":"Fill 1","mn":"ADBE Vector Graphic - Fill","hd":false},{"ty":"tr","p":{"a":0,"k":[27.13,20.02],"ix":2},"a":{"a":0,"k":[0,0],"ix":1},"s":{"a":0,"k":[100,100],"ix":3},"r":{"a":0,"k":0,"ix":6},"o":{"a":0,"k":100,"ix":7},"sk":{"a":0,"k":0,"ix":4},"sa":{"a":0,"k":0,"ix":5},"nm":"Transform"}],"nm":"Group 3","np":4,"cix":2,"bm":0,"ix":3,"mn":"ADBE Vector Group","hd":false},{"ty":"gr","it":[{"ind":0,"ty":"sh","ix":1,"ks":{"a":0,"k":{"i":[[1.26,-3.3],[0.08,-0.28],[0.62,0],[2.34,1.73],[2.24,-0.23],[2.13,0],[2.74,0.29],[2.5,0.67],[0.12,0],[0.15,0.54],[-1.19,2.16],[0,2.53],[-1.25,3.31],[-0.07,0.27],[-0.62,0],[-2.34,-1.73],[-2.24,0.23],[-2.13,0],[-2.74,-0.28],[-2.5,-0.66],[-0.12,0],[-0.15,-0.55],[1.22,-2.2],[0,-2.52]],"o":[[1.2,2.16],[-0.15,0.54],[-0.12,0],[-2.5,0.67],[-2.74,0.29],[-2.13,0],[-2.24,-0.23],[-2.34,1.73],[-0.62,0],[-0.07,-0.28],[-1.25,-3.3],[0,-2.52],[-1.19,-2.16],[0.15,-0.55],[0.12,0],[2.5,-0.66],[2.74,-0.28],[2.13,0],[2.24,0.23],[2.34,-1.73],[0.62,0],[0.03,0.11],[1.26,3.31],[0,2.53]],"v":[[21.62,10.01],[22.14,14.85],[20.84,15.77],[15.65,14.02],[7.78,15.32],[0,15.77],[-7.78,15.32],[-15.65,14.02],[-20.84,15.77],[-22.15,14.85],[-21.63,10.01],[-22.88,0],[-21.63,-10.01],[-22.15,-14.84],[-20.84,-15.77],[-15.65,-14.02],[-7.78,-15.32],[0,-15.77],[7.78,-15.32],[15.65,-14.02],[20.84,-15.77],[22.14,-14.84],[21.62,-10.01],[22.88,0]],"c":true},"ix":2},"nm":"Path 1","mn":"ADBE Vector Shape - Group","hd":false},{"ty":"fl","c":{"a":0,"k":[1,1,1,1],"ix":4},"o":{"a":0,"k":100,"ix":5},"r":1,"bm":0,"nm":"Fill 1","mn":"ADBE Vector Graphic - Fill","hd":false},{"ty":"tr","p":{"a":0,"k":[27.13,20.02],"ix":2},"a":{"a":0,"k":[0,0],"ix":1},"s":{"a":0,"k":[100,100],"ix":3},"r":{"a":0,"k":0,"ix":6},"o":{"a":0,"k":100,"ix":7},"sk":{"a":0,"k":0,"ix":4},"sa":{"a":0,"k":0,"ix":5},"nm":"Transform"}],"nm":"Group 4","np":2,"cix":2,"bm":0,"ix":4,"mn":"ADBE Vector Group","hd":false}],"ip":0,"op":48,"st":0,"bm":0},{"ddd":0,"ind":2,"ty":4,"nm":"main","sr":1,"ks":{"o":{"a":0,"k":100,"ix":11},"r":{"a":0,"k":0,"ix":10},"p":{"a":0,"k":[96,108,0],"ix":2},"a":{"a":0,"k":[92.25,58.25,0],"ix":1},"s":{"a":0,"k":[100,100,100],"ix":6}},"ao":0,"shapes":[{"ty":"gr","it":[{"ind":0,"ty":"sh","ix":1,"ks":{"a":0,"k":{"i":[[0,-3.03],[3.64,-1.391],[1.22,0],[0,0],[1.08,0.42],[0,4.13],[-2.19,1.77],[-0.66,0.32],[-1.53,0],[0,0],[-1.29,-0.64],[-0.56,-0.461]],"o":[[0,4.13],[-1.08,0.42],[0,0],[-1.22,0],[-3.64,-1.391],[0,-3.03],[0.56,-0.461],[1.29,-0.64],[0,0],[1.53,0],[0.66,0.32],[2.19,1.77]],"v":[[92,0.001],[85.78,9.04],[82.31,9.689],[-82.31,9.689],[-85.78,9.04],[-92,0.001],[-88.42,-7.51],[-86.58,-8.689],[-82.31,-9.689],[82.31,-9.689],[86.58,-8.689],[88.42,-7.51]],"c":true},"ix":2},"nm":"Path 1","mn":"ADBE Vector Shape - Group","hd":false},{"ty":"fl","c":{"a":0,"k":[1,1,1,1],"ix":4},"o":{"a":0,"k":100,"ix":5},"r":1,"bm":0,"nm":"Fill 1","mn":"ADBE Vector Graphic - Fill","hd":false},{"ty":"tr","p":{"a":0,"k":[92.25,59.49],"ix":2},"a":{"a":0,"k":[0,0],"ix":1},"s":{"a":0,"k":[100,100],"ix":3},"r":{"a":0,"k":0,"ix":6},"o":{"a":0,"k":100,"ix":7},"sk":{"a":0,"k":0,"ix":4},"sa":{"a":0,"k":0,"ix":5},"nm":"Transform"}],"nm":"Group 1","np":2,"cix":2,"bm":0,"ix":1,"mn":"ADBE Vector Group","hd":false},{"ty":"gr","it":[{"ind":0,"ty":"sh","ix":1,"ks":{"a":0,"k":{"i":[[0,-3.949],[0,0],[0,0],[0,0],[0,0],[0,0],[0,0],[0,0],[-3.55,1.17],[-0.99,0],[0,0],[-0.89,-0.3]],"o":[[0,0],[0,0],[0,0],[0,0],[0,0],[0,0],[0,0],[0,-3.949],[0.89,-0.3],[0,0],[0.99,0],[3.55,1.17]],"v":[[92,-13.07],[92,22],[79.07,22],[79.07,6.93],[-79.07,6.93],[-79.07,22],[-92,22],[-92,-13.07],[-85.89,-21.54],[-83.07,-22],[83.07,-22],[85.89,-21.54]],"c":true},"ix":2},"nm":"Path 1","mn":"ADBE Vector Shape - Group","hd":false},{"ty":"fl","c":{"a":0,"k":[1,1,1,1],"ix":4},"o":{"a":0,"k":100,"ix":5},"r":1,"bm":0,"nm":"Fill 1","mn":"ADBE Vector Graphic - Fill","hd":false},{"ty":"tr","p":{"a":0,"k":[92.25,94.25],"ix":2},"a":{"a":0,"k":[0,0],"ix":1},"s":{"a":0,"k":[100,100],"ix":3},"r":{"a":0,"k":0,"ix":6},"o":{"a":0,"k":100,"ix":7},"sk":{"a":0,"k":0,"ix":4},"sa":{"a":0,"k":0,"ix":5},"nm":"Transform"}],"nm":"Group 2","np":2,"cix":2,"bm":0,"ix":2,"mn":"ADBE Vector Group","hd":false},{"ty":"gr","it":[{"ind":0,"ty":"sh","ix":1,"ks":{"a":0,"k":{"i":[[0,-2.76],[0,0],[0.28,-0.62],[1.86,0],[0,0],[1.62,-0.67],[0,0.73],[0,0],[-2.76,0],[0,0]],"o":[[0,0],[0,0.73],[-1.62,-0.67],[0,0],[-1.86,0],[-0.28,-0.62],[0,0],[0,-2.76],[0,0],[2.76,0]],"v":[[88,-18.295],[88,21.255],[87.56,23.295],[82.31,22.255],[-82.31,22.255],[-87.56,23.295],[-88,21.255],[-88,-18.295],[-83,-23.295],[83,-23.295]],"c":true},"ix":2},"nm":"Path 1","mn":"ADBE Vector Shape - Group","hd":false},{"ty":"fl","c":{"a":0,"k":[1,1,1,1],"ix":4},"o":{"a":0,"k":100,"ix":5},"r":1,"bm":0,"nm":"Fill 1","mn":"ADBE Vector Graphic - Fill","hd":false},{"ty":"tr","p":{"a":0,"k":[92.25,23.545],"ix":2},"a":{"a":0,"k":[0,0],"ix":1},"s":{"a":0,"k":[100,100],"ix":3},"r":{"a":0,"k":0,"ix":6},"o":{"a":0,"k":100,"ix":7},"sk":{"a":0,"k":0,"ix":4},"sa":{"a":0,"k":0,"ix":5},"nm":"Transform"}],"nm":"Group 3","np":2,"cix":2,"bm":0,"ix":3,"mn":"ADBE Vector Group","hd":false}],"ip":0,"op":48,"st":0,"bm":0}],"markers":[]}