{"v":"5.5.8","fr":24,"ip":0,"op":48,"w":192,"h":192,"nm":"marine","ddd":0,"assets":[],"layers":[{"ddd":0,"ind":1,"ty":4,"nm":"wave 2","sr":1,"ks":{"o":{"a":0,"k":100,"ix":11},"r":{"a":0,"k":0,"ix":10},"p":{"a":0,"k":[96,170.91,0],"ix":2},"a":{"a":0,"k":[91.75,7.75,0],"ix":1},"s":{"a":0,"k":[100,100,100],"ix":6}},"ao":0,"ef":[{"ty":5,"nm":"Wave Warp","np":10,"mn":"ADBE Wave Warp","ix":1,"en":1,"ef":[{"ty":7,"nm":"Wave Type","mn":"ADBE Wave Warp-0001","ix":1,"v":{"a":0,"k":1,"ix":1}},{"ty":0,"nm":"Wave Height","mn":"ADBE Wave Warp-0002","ix":2,"v":{"a":0,"k":2,"ix":2}},{"ty":0,"nm":"Wave Width","mn":"ADBE Wave Warp-0003","ix":3,"v":{"a":0,"k":24.6,"ix":3}},{"ty":0,"nm":"Direction","mn":"ADBE Wave Warp-0004","ix":4,"v":{"a":0,"k":90,"ix":4}},{"ty":7,"nm":"Wave Speed","mn":"ADBE Wave Warp-0005","ix":5,"v":{"a":0,"k":1,"ix":5}},{"ty":7,"nm":"Pinning","mn":"ADBE Wave Warp-0006","ix":6,"v":{"a":0,"k":1,"ix":6}},{"ty":0,"nm":"Phase","mn":"ADBE Wave Warp-0007","ix":7,"v":{"a":0,"k":0,"ix":7}},{"ty":7,"nm":"Antialiasing (Best Quality)","mn":"ADBE Wave Warp-0008","ix":8,"v":{"a":0,"k":1,"ix":8}}]},{"ty":5,"nm":"CC Force Motion Blur","np":6,"mn":"CC Force Motion Blur","ix":2,"en":1,"ef":[{"ty":0,"nm":"Motion Blur Samples","mn":"CC Force Motion Blur-0001","ix":1,"v":{"a":0,"k":16,"ix":1}},{"ty":7,"nm":"Override Shutter Angle","mn":"CC Force Motion Blur-0002","ix":2,"v":{"a":0,"k":1,"ix":2}},{"ty":0,"nm":"Shutter Angle","mn":"CC Force Motion Blur-0003","ix":3,"v":{"a":0,"k":180,"ix":3}},{"ty":7,"nm":"Native Motion Blur","mn":"CC Force Motion Blur-0004","ix":4,"v":{"a":0,"k":2,"ix":4}}]}],"shapes":[{"ty":"gr","it":[{"ind":0,"ty":"sh","ix":1,"ks":{"a":0,"k":{"i":[[0,-4.141],[4.14,0],[0,0],[0,4.149],[-4.14,0],[0,0]],"o":[[0,4.149],[0,0],[-4.14,0],[0,-4.141],[0,0],[4.14,0]],"v":[[91.5,0],[84,7.5],[-84,7.5],[-91.5,0],[-84,-7.5],[84,-7.5]],"c":true},"ix":2},"nm":"Path 1","mn":"ADBE Vector Shape - Group","hd":false},{"ty":"fl","c":{"a":0,"k":[1,1,1,1],"ix":4},"o":{"a":0,"k":100,"ix":5},"r":1,"bm":0,"nm":"Fill 1","mn":"ADBE Vector Graphic - Fill","hd":false},{"ty":"tr","p":{"a":0,"k":[91.75,7.75],"ix":2},"a":{"a":0,"k":[0,0],"ix":1},"s":{"a":0,"k":[100,100],"ix":3},"r":{"a":0,"k":0,"ix":6},"o":{"a":0,"k":100,"ix":7},"sk":{"a":0,"k":0,"ix":4},"sa":{"a":0,"k":0,"ix":5},"nm":"Transform"}],"nm":"Group 1","np":2,"cix":2,"bm":0,"ix":1,"mn":"ADBE Vector Group","hd":false}],"ip":0,"op":72,"st":0,"bm":0},{"ddd":0,"ind":2,"ty":4,"nm":"wave 1","sr":1,"ks":{"o":{"a":0,"k":100,"ix":11},"r":{"a":0,"k":0,"ix":10},"p":{"a":0,"k":[96,143.06,0],"ix":2},"a":{"a":0,"k":[91.75,7.75,0],"ix":1},"s":{"a":0,"k":[100,100,100],"ix":6}},"ao":0,"ef":[{"ty":5,"nm":"Wave Warp","np":10,"mn":"ADBE Wave Warp","ix":1,"en":1,"ef":[{"ty":7,"nm":"Wave Type","mn":"ADBE Wave Warp-0001","ix":1,"v":{"a":0,"k":1,"ix":1}},{"ty":0,"nm":"Wave Height","mn":"ADBE Wave Warp-0002","ix":2,"v":{"a":0,"k":2,"ix":2}},{"ty":0,"nm":"Wave Width","mn":"ADBE Wave Warp-0003","ix":3,"v":{"a":0,"k":24.6,"ix":3}},{"ty":0,"nm":"Direction","mn":"ADBE Wave Warp-0004","ix":4,"v":{"a":0,"k":90,"ix":4}},{"ty":7,"nm":"Wave Speed","mn":"ADBE Wave Warp-0005","ix":5,"v":{"a":0,"k":1,"ix":5}},{"ty":7,"nm":"Pinning","mn":"ADBE Wave Warp-0006","ix":6,"v":{"a":0,"k":1,"ix":6}},{"ty":0,"nm":"Phase","mn":"ADBE Wave Warp-0007","ix":7,"v":{"a":0,"k":0,"ix":7}},{"ty":7,"nm":"Antialiasing (Best Quality)","mn":"ADBE Wave Warp-0008","ix":8,"v":{"a":0,"k":1,"ix":8}}]},{"ty":5,"nm":"CC Force Motion Blur","np":6,"mn":"CC Force Motion Blur","ix":2,"en":1,"ef":[{"ty":0,"nm":"Motion Blur Samples","mn":"CC Force Motion Blur-0001","ix":1,"v":{"a":0,"k":16,"ix":1}},{"ty":7,"nm":"Override Shutter Angle","mn":"CC Force Motion Blur-0002","ix":2,"v":{"a":0,"k":1,"ix":2}},{"ty":0,"nm":"Shutter Angle","mn":"CC Force Motion Blur-0003","ix":3,"v":{"a":0,"k":180,"ix":3}},{"ty":7,"nm":"Native Motion Blur","mn":"CC Force Motion Blur-0004","ix":4,"v":{"a":0,"k":2,"ix":4}}]}],"shapes":[{"ty":"gr","it":[{"ind":0,"ty":"sh","ix":1,"ks":{"a":0,"k":{"i":[[0,-4.149],[4.14,0],[0,0],[0,4.141],[-4.14,0],[0,0]],"o":[[0,4.141],[0,0],[-4.14,0],[0,-4.149],[0,0],[4.14,0]],"v":[[91.5,0],[84,7.5],[-84,7.5],[-91.5,0],[-84,-7.5],[84,-7.5]],"c":true},"ix":2},"nm":"Path 1","mn":"ADBE Vector Shape - Group","hd":false},{"ty":"fl","c":{"a":0,"k":[1,1,1,1],"ix":4},"o":{"a":0,"k":100,"ix":5},"r":1,"bm":0,"nm":"Fill 1","mn":"ADBE Vector Graphic - Fill","hd":false},{"ty":"tr","p":{"a":0,"k":[91.75,7.75],"ix":2},"a":{"a":0,"k":[0,0],"ix":1},"s":{"a":0,"k":[100,100],"ix":3},"r":{"a":0,"k":0,"ix":6},"o":{"a":0,"k":100,"ix":7},"sk":{"a":0,"k":0,"ix":4},"sa":{"a":0,"k":0,"ix":5},"nm":"Transform"}],"nm":"Group 1","np":2,"cix":2,"bm":0,"ix":1,"mn":"ADBE Vector Group","hd":false}],"ip":0,"op":72,"st":0,"bm":0},{"ddd":0,"ind":3,"ty":4,"nm":"main","sr":1,"ks":{"o":{"a":0,"k":100,"ix":11},"r":{"a":1,"k":[{"i":{"x":[0.667],"y":[1]},"o":{"x":[0.333],"y":[0]},"t":0,"s":[0]},{"i":{"x":[0.667],"y":[1]},"o":{"x":[0.333],"y":[0]},"t":24,"s":[1]},{"t":47,"s":[0]}],"ix":10},"p":{"a":1,"k":[{"i":{"x":0.667,"y":1},"o":{"x":0.333,"y":0},"t":0,"s":[96,74.935,0],"to":[0,0,0],"ti":[0,0,0]},{"i":{"x":0.667,"y":1},"o":{"x":0.333,"y":0},"t":24,"s":[96,71.5,0],"to":[0,0,0],"ti":[0,0,0]},{"t":48,"s":[96,74.935,0]}],"ix":2},"a":{"a":0,"k":[74.549,71.185,0],"ix":1},"s":{"a":0,"k":[100,100,100],"ix":6}},"ao":0,"ef":[{"ty":5,"nm":"CC Force Motion Blur","np":6,"mn":"CC Force Motion Blur","ix":1,"en":1,"ef":[{"ty":0,"nm":"Motion Blur Samples","mn":"CC Force Motion Blur-0001","ix":1,"v":{"a":0,"k":16,"ix":1}},{"ty":7,"nm":"Override Shutter Angle","mn":"CC Force Motion Blur-0002","ix":2,"v":{"a":0,"k":1,"ix":2}},{"ty":0,"nm":"Shutter Angle","mn":"CC Force Motion Blur-0003","ix":3,"v":{"a":0,"k":180,"ix":3}},{"ty":7,"nm":"Native Motion Blur","mn":"CC Force Motion Blur-0004","ix":4,"v":{"a":0,"k":2,"ix":4}}]}],"shapes":[{"ty":"gr","it":[{"ind":0,"ty":"sh","ix":1,"ks":{"a":0,"k":{"i":[[-0.13,-0.05],[0,0],[0,0],[0,0],[-0.18,0.04],[0,0],[0,0],[0,0],[0,0]],"o":[[0,0],[0,0],[0,0],[0.13,-0.05],[0,0],[0,0],[0,0],[0,0],[0.18,0.04]],"v":[[35,2.645],[35,5.555],[-35,5.555],[-35,2.645],[-34.53,2.515],[-2,-5.085],[0,-5.555],[2,-5.085],[34.53,2.515]],"c":true},"ix":2},"nm":"Path 1","mn":"ADBE Vector Shape - Group","hd":false},{"ty":"fl","c":{"a":0,"k":[1,1,1,1],"ix":4},"o":{"a":0,"k":100,"ix":5},"r":1,"bm":0,"nm":"Fill 1","mn":"ADBE Vector Graphic - Fill","hd":false},{"ty":"tr","p":{"a":0,"k":[74.549,29.695],"ix":2},"a":{"a":0,"k":[0,0],"ix":1},"s":{"a":0,"k":[100,100],"ix":3},"r":{"a":0,"k":0,"ix":6},"o":{"a":0,"k":100,"ix":7},"sk":{"a":0,"k":0,"ix":4},"sa":{"a":0,"k":0,"ix":5},"nm":"Transform"}],"nm":"Group 1","np":2,"cix":2,"bm":0,"ix":1,"mn":"ADBE Vector Group","hd":false},{"ty":"gr","it":[{"ind":0,"ty":"sh","ix":1,"ks":{"a":0,"k":{"i":[[0.99,-2.32],[0,0],[0,0],[0,0],[-2.4,0.76],[0,0],[0,0],[0,0],[0,0],[0,0],[0,0],[0,0],[0,0],[0,0],[0,0],[0,0]],"o":[[0,0],[0,0],[0,0],[-0.989,-2.32],[0,0],[0,0],[0,0],[0,0],[0,0],[0,0],[0,0],[0,0],[0,0],[0,0],[0,0],[2.401,0.76]],"v":[[73.31,-8.03],[54.661,35.47],[-54.661,35.47],[-73.311,-8.03],[-70.681,-13.78],[-64.961,-15.6],[-62.501,-16.38],[-60.001,-17.18],[-2.501,-35.47],[-2.501,32.06],[2.5,32.06],[2.5,-35.47],[59.999,-17.18],[62.499,-16.38],[64.96,-15.6],[70.68,-13.78]],"c":true},"ix":2},"nm":"Path 1","mn":"ADBE Vector Shape - Group","hd":false},{"ty":"fl","c":{"a":0,"k":[1,1,1,1],"ix":4},"o":{"a":0,"k":100,"ix":5},"r":1,"bm":0,"nm":"Fill 1","mn":"ADBE Vector Graphic - Fill","hd":false},{"ty":"tr","p":{"a":0,"k":[74.549,106.65],"ix":2},"a":{"a":0,"k":[0,0],"ix":1},"s":{"a":0,"k":[100,100],"ix":3},"r":{"a":0,"k":0,"ix":6},"o":{"a":0,"k":100,"ix":7},"sk":{"a":0,"k":0,"ix":4},"sa":{"a":0,"k":0,"ix":5},"nm":"Transform"}],"nm":"Group 2","np":2,"cix":2,"bm":0,"ix":2,"mn":"ADBE Vector Group","hd":false},{"ty":"gr","it":[{"ind":0,"ty":"sh","ix":1,"ks":{"a":0,"k":{"i":[[0,0],[1.1,0],[0,0],[0,1.1],[0,0],[-1.1,0],[0,0],[0,-1.1]],"o":[[0,1.1],[0,0],[-1.1,0],[0,0],[0,-1.1],[0,0],[1.1,0],[0,0]],"v":[[56,-4.115],[54,-2.115],[34,-2.115],[32,-4.115],[32,-14.975],[34,-16.975],[54,-16.975],[56,-14.975]],"c":true},"ix":2},"nm":"Path 1","mn":"ADBE Vector Shape - Group","hd":false},{"ind":1,"ty":"sh","ix":2,"ks":{"a":0,"k":{"i":[[0,0],[1.1,0],[0,0],[0,1.1],[0,0],[-1.1,0],[0,0],[0,-1.1]],"o":[[0,1.1],[0,0],[-1.1,0],[0,0],[0,-1.1],[0,0],[1.1,0],[0,0]],"v":[[26.67,-4.115],[24.67,-2.115],[4.67,-2.115],[2.67,-4.115],[2.67,-14.975],[4.67,-16.975],[24.67,-16.975],[26.67,-14.975]],"c":true},"ix":2},"nm":"Path 2","mn":"ADBE Vector Shape - Group","hd":false},{"ind":2,"ty":"sh","ix":3,"ks":{"a":0,"k":{"i":[[0,0],[1.1,0],[0,0],[0,1.1],[0,0],[-1.1,0],[0,0],[0,-1.1]],"o":[[0,1.1],[0,0],[-1.1,0],[0,0],[0,-1.1],[0,0],[1.1,0],[0,0]],"v":[[-2.67,-4.115],[-4.67,-2.115],[-24.67,-2.115],[-26.67,-4.115],[-26.67,-14.975],[-24.67,-16.975],[-4.67,-16.975],[-2.67,-14.975]],"c":true},"ix":2},"nm":"Path 3","mn":"ADBE Vector Shape - Group","hd":false},{"ind":3,"ty":"sh","ix":4,"ks":{"a":0,"k":{"i":[[0,0],[1.1,0],[0,0],[0,1.1],[0,0],[-1.1,0],[0,0],[0,-1.1]],"o":[[0,1.1],[0,0],[-1.1,0],[0,0],[0,-1.1],[0,0],[1.1,0],[0,0]],"v":[[-32,-4.115],[-34,-2.115],[-54,-2.115],[-56,-4.115],[-56,-14.975],[-54,-16.975],[-34,-16.975],[-32,-14.975]],"c":true},"ix":2},"nm":"Path 4","mn":"ADBE Vector Shape - Group","hd":false},{"ind":4,"ty":"sh","ix":5,"ks":{"a":0,"k":{"i":[[2.43,0],[0,0],[0,-1.05],[0,0],[0,0],[0,0],[0,0],[0,0],[0,0]],"o":[[0,0],[-2.43,0],[0,0],[0,0],[0,0],[0,0],[0,0],[0,0],[0,-1.05]],"v":[[55.59,-21.985],[-55.59,-21.985],[-60,-20.075],[-60,21.985],[-1.52,3.375],[0,2.895],[1.52,3.375],[60,21.985],[60,-20.075]],"c":true},"ix":2},"nm":"Path 5","mn":"ADBE Vector Shape - Group","hd":false},{"ty":"mm","mm":1,"nm":"Merge Paths 1","mn":"ADBE Vector Filter - Merge","hd":false},{"ty":"fl","c":{"a":0,"k":[1,1,1,1],"ix":4},"o":{"a":0,"k":100,"ix":5},"r":1,"bm":0,"nm":"Fill 1","mn":"ADBE Vector Graphic - Fill","hd":false},{"ty":"tr","p":{"a":0,"k":[74.549,62.235],"ix":2},"a":{"a":0,"k":[0,0],"ix":1},"s":{"a":0,"k":[100,100],"ix":3},"r":{"a":0,"k":0,"ix":6},"o":{"a":0,"k":100,"ix":7},"sk":{"a":0,"k":0,"ix":4},"sa":{"a":0,"k":0,"ix":5},"nm":"Transform"}],"nm":"Group 3","np":7,"cix":2,"bm":0,"ix":3,"mn":"ADBE Vector Group","hd":false},{"ty":"gr","it":[{"ind":0,"ty":"sh","ix":1,"ks":{"a":0,"k":{"i":[[0,-1.1],[0,0],[0,0],[0,0],[0,0],[-1.1,0]],"o":[[0,0],[0,0],[0,0],[0,0],[0,-1.1],[1.1,0]],"v":[[2,-7.61],[2,9.61],[0,9.14],[-2,9.61],[-2,-7.61],[0,-9.61]],"c":true},"ix":2},"nm":"Path 1","mn":"ADBE Vector Shape - Group","hd":false},{"ty":"fl","c":{"a":0,"k":[1,1,1,1],"ix":4},"o":{"a":0,"k":100,"ix":5},"r":1,"bm":0,"nm":"Fill 1","mn":"ADBE Vector Graphic - Fill","hd":false},{"ty":"tr","p":{"a":0,"k":[74.549,9.86],"ix":2},"a":{"a":0,"k":[0,0],"ix":1},"s":{"a":0,"k":[100,100],"ix":3},"r":{"a":0,"k":0,"ix":6},"o":{"a":0,"k":100,"ix":7},"sk":{"a":0,"k":0,"ix":4},"sa":{"a":0,"k":0,"ix":5},"nm":"Transform"}],"nm":"Group 4","np":2,"cix":2,"bm":0,"ix":4,"mn":"ADBE Vector Group","hd":false}],"ip":0,"op":49,"st":0,"bm":0}],"markers":[]}