{"v":"5.5.8","fr":24,"ip":0,"op":20,"w":192,"h":192,"nm":"sports","ddd":0,"assets":[],"layers":[{"ddd":0,"ind":1,"ty":4,"nm":"ball 2","sr":1,"ks":{"o":{"a":0,"k":100,"ix":11},"r":{"a":0,"k":0,"ix":10},"p":{"a":1,"k":[{"i":{"x":0.667,"y":1},"o":{"x":0.333,"y":0},"t":0,"s":[127.89,19.77,0],"to":[0,0,0],"ti":[0,0,0]},{"i":{"x":0.667,"y":1},"o":{"x":0.333,"y":0},"t":11,"s":[127.89,94.77,0],"to":[0,0,0],"ti":[0,0,0]},{"t":19,"s":[127.89,19.77,0]}],"ix":2},"a":{"a":0,"k":[12.39,-61.73,0],"ix":1},"s":{"a":0,"k":[100,100,100],"ix":6}},"ao":0,"ef":[{"ty":5,"nm":"CC Force Motion Blur","np":6,"mn":"CC Force Motion Blur","ix":1,"en":1,"ef":[{"ty":0,"nm":"Motion Blur Samples","mn":"CC Force Motion Blur-0001","ix":1,"v":{"a":0,"k":16,"ix":1}},{"ty":7,"nm":"Override Shutter Angle","mn":"CC Force Motion Blur-0002","ix":2,"v":{"a":0,"k":1,"ix":2}},{"ty":0,"nm":"Shutter Angle","mn":"CC Force Motion Blur-0003","ix":3,"v":{"a":0,"k":180,"ix":3}},{"ty":7,"nm":"Native Motion Blur","mn":"CC Force Motion Blur-0004","ix":4,"v":{"a":0,"k":2,"ix":4}}]}],"shapes":[{"ty":"gr","it":[{"ind":0,"ty":"sh","ix":1,"ks":{"a":0,"k":{"i":[[0,-6.63],[6.63,0],[0,6.63],[-0.12,0.7],[-0.11,0.35],[-1.79,1.53],[-0.28,0.2],[-2.6,0]],"o":[[0,6.63],[-6.63,0],[0,-0.73],[0.06,-0.36],[0.64,-2.34],[0.26,-0.23],[1.97,-1.41],[6.63,0]],"v":[[24.39,-61.73],[12.39,-49.73],[0.39,-61.73],[0.58,-63.87],[0.83,-64.93],[4.59,-70.85],[5.41,-71.49],[12.39,-73.73]],"c":true},"ix":2},"nm":"Path 1","mn":"ADBE Vector Shape - Group","hd":false},{"ty":"fl","c":{"a":0,"k":[1,1,1,1],"ix":4},"o":{"a":0,"k":100,"ix":5},"r":1,"bm":0,"nm":"Fill 1","mn":"ADBE Vector Graphic - Fill","hd":false},{"ty":"tr","p":{"a":0,"k":[0,0],"ix":2},"a":{"a":0,"k":[0,0],"ix":1},"s":{"a":0,"k":[100,100],"ix":3},"r":{"a":0,"k":0,"ix":6},"o":{"a":0,"k":100,"ix":7},"sk":{"a":0,"k":0,"ix":4},"sa":{"a":0,"k":0,"ix":5},"nm":"Transform"}],"nm":"Group 1","np":2,"cix":2,"bm":0,"ix":1,"mn":"ADBE Vector Group","hd":false}],"ip":0,"op":20,"st":0,"bm":0},{"ddd":0,"ind":2,"ty":4,"nm":"main","sr":1,"ks":{"o":{"a":0,"k":100,"ix":11},"r":{"a":1,"k":[{"i":{"x":[0.667],"y":[1]},"o":{"x":[0.333],"y":[0]},"t":6,"s":[35]},{"i":{"x":[0.667],"y":[1]},"o":{"x":[0.333],"y":[0]},"t":11,"s":[1]},{"t":19,"s":[35]}],"ix":10},"p":{"a":0,"k":[69.873,132.268,0],"ix":2},"a":{"a":0,"k":[62.087,76.758,0],"ix":1},"s":{"a":0,"k":[85,85,100],"ix":6}},"ao":0,"ef":[{"ty":5,"nm":"CC Force Motion Blur","np":6,"mn":"CC Force Motion Blur","ix":1,"en":1,"ef":[{"ty":0,"nm":"Motion Blur Samples","mn":"CC Force Motion Blur-0001","ix":1,"v":{"a":0,"k":16,"ix":1}},{"ty":7,"nm":"Override Shutter Angle","mn":"CC Force Motion Blur-0002","ix":2,"v":{"a":0,"k":1,"ix":2}},{"ty":0,"nm":"Shutter Angle","mn":"CC Force Motion Blur-0003","ix":3,"v":{"a":0,"k":180,"ix":3}},{"ty":7,"nm":"Native Motion Blur","mn":"CC Force Motion Blur-0004","ix":4,"v":{"a":0,"k":2,"ix":4}}]}],"shapes":[{"ty":"gr","it":[{"ind":0,"ty":"sh","ix":1,"ks":{"a":0,"k":{"i":[[0,0],[0,0],[1.623,2.234],[0,0],[-2.236,1.622],[0,0],[0,0],[0,0]],"o":[[0,0],[-2.234,1.621],[0,0],[-1.622,-2.234],[0,0],[0,0],[0,0],[0,0]],"v":[[30.492,-14.594],[-20.713,22.553],[-27.695,21.443],[-28.87,19.824],[-27.76,12.84],[23.242,-24.174],[25.112,-21.702],[28.932,-16.663]],"c":true},"ix":2},"nm":"Path 1","mn":"ADBE Vector Shape - Group","hd":false},{"ty":"fl","c":{"a":0,"k":[1,1,1,1],"ix":4},"o":{"a":0,"k":100,"ix":5},"r":1,"bm":0,"nm":"Fill 1","mn":"ADBE Vector Graphic - Fill","hd":false},{"ty":"tr","p":{"a":0,"k":[30.742,99.094],"ix":2},"a":{"a":0,"k":[0,0],"ix":1},"s":{"a":0,"k":[100,100],"ix":3},"r":{"a":0,"k":0,"ix":6},"o":{"a":0,"k":100,"ix":7},"sk":{"a":0,"k":0,"ix":4},"sa":{"a":0,"k":0,"ix":5},"nm":"Transform"}],"nm":"Group 1","np":2,"cix":2,"bm":0,"ix":1,"mn":"ADBE Vector Group","hd":false},{"ty":"gr","it":[{"ind":0,"ty":"sh","ix":1,"ks":{"a":0,"k":{"i":[[0.16,-1.64],[0.03,-0.21],[0.1,-0.44],[0.05,-0.17],[1.21,-1.99],[0.099,-0.14],[0.34,-0.47],[0.009,0],[0.3,-0.38],[0.811,-0.87],[0.131,-0.12],[0.37,-0.37],[1.38,-1.12],[0.14,-0.11],[2.08,-1.321],[0.17,-0.099],[2.34,-1.14],[0.18,-0.091],[2.6,-0.97],[0.219,-0.07],[0,0],[0.741,-0.241],[0,0],[0.641,-0.2],[0.699,-0.2],[0.82,-0.21],[0,0],[0.24,-0.07],[3.29,-0.45],[0.28,-0.029],[0,0],[0,0],[0,0],[0.37,-0.04],[3.58,0.12],[0,0],[0,0],[0.2,0.01],[0,0],[0,0],[0,0],[2.609,0.53],[0,0],[0,0],[0,0],[0,0],[0,0],[0,0],[0,0],[0,0],[0,0],[0,0],[0,0],[0,0],[0,0],[0.06,0.22],[0,0],[0.04,0.67],[-0.1,0.81],[-0.05,0.22],[-0.2,0.66],[0,0],[-0.05,0.16],[-1.28,1.93],[-0.1,0.14],[-0.31,0.4],[-0.33,0.4],[-0.85,0.87],[-0.13,0.12],[-0.11,0.11],[-1.7,1.33],[0,0],[0,0],[0,0],[-2.11,1.29],[0,0],[0,0],[0,0],[-2.4,1.14],[0,0],[-0.189,0.09],[-2.67,0.95],[-0.04,0],[0,0],[0,0],[0,0],[-0.481,0.14],[0,0],[-1.121,0.33],[-1.35,0.33],[0,0],[-2.81,0.38],[0,0],[-0.38,0.04],[0,0],[0,0],[0,0],[-0.301,0.03],[0,0],[-2.63,0],[0,0],[-0.3,-0.01],[-1.35,-0.12],[0,0],[-0.42,-0.05],[0,0],[-1.48,-0.27],[-0.229,-0.05],[0,0],[-2.089,-0.89],[-0.18,-0.09],[0,0],[-1.26,-0.88],[-0.37,-0.31],[-0.131,-0.11],[-0.8,-1.67],[-0.06,-0.15],[-0.01,-0.02],[0,0],[-0.08,-0.23],[0,0],[-0.07,-0.23]],"o":[[-0.01,0.21],[-0.06,0.43],[-0.03,0.17],[-0.479,1.9],[-0.08,0.14],[-0.291,0.47],[0,0],[-0.25,0.38],[-0.669,0.87],[-0.11,0.13],[-0.34,0.37],[-1.21,1.2],[-0.14,0.12],[-1.81,1.45],[-0.16,0.099],[-2.12,1.32],[-0.18,0.1],[-2.4,1.159],[-0.21,0.08],[0,0],[-0.73,0.281],[0,0],[-0.631,0.219],[-0.68,0.22],[-0.821,0.241],[0,0],[-0.24,0.061],[-3.39,0.86],[-0.28,0.05],[0,0],[0,0],[0,0],[-0.371,0.049],[-3.92,0.451],[0,0],[0,0],[-0.21,0],[0,0],[0,0],[0,0],[-2.97,-0.16],[0,0],[0,0],[0,0],[0,0],[0,0],[0,0],[0,0],[0,0],[0,0],[0,0],[0,0],[0,0],[0,0],[-0.06,-0.21],[0,0],[-0.14,-0.65],[-0.04,-0.79],[0.02,-0.219],[0.1,-0.65],[0,0],[0.04,-0.16],[0.61,-1.86],[0.09,-0.14],[0.26,-0.4],[0.3,-0.4],[0.71,-0.87],[0.11,-0.12],[0.1,-0.11],[1.45,-1.43],[0,0],[0,0],[0,0],[1.85,-1.43],[0,0],[0,0],[0,0],[2.18,-1.31],[0,0],[0.19,-0.09],[2.48,-1.15],[0.04,-0.02],[0,0],[0,0],[0,0],[0.471,-0.17],[0,0],[1.09,-0.38],[1.349,-0.4],[0,0],[2.871,-0.68],[0,0],[0.39,-0.05],[0,0],[0,0],[0,0],[0.3,-0.03],[0,0],[2.75,-0.29],[0,0],[0.31,0],[1.41,0.02],[0,0],[0.439,0.02],[0,0],[1.56,0.16],[0.23,0.05],[0,0],[2.61,0.56],[0.19,0.07],[0,0],[1.59,0.7],[0.411,0.29],[0.14,0.11],[1.559,1.37],[0.08,0.15],[0.011,0.02],[0,0],[0.1,0.22],[0,0],[0.089,0.22],[0.441,1.51]],"v":[[54.045,-13.625],[53.985,-12.995],[53.745,-11.695],[53.625,-11.195],[51.075,-5.335],[50.816,-4.915],[49.865,-3.505],[49.856,-3.495],[49.025,-2.365],[46.795,0.255],[46.435,0.635],[45.365,1.745],[41.465,5.235],[41.045,5.575],[35.205,9.726],[34.705,10.035],[28.005,13.735],[27.455,14.016],[19.955,17.215],[19.316,17.445],[19.305,17.445],[17.115,18.226],[17.106,18.226],[15.215,18.855],[13.146,19.485],[10.705,20.165],[10.695,20.165],[9.985,20.355],[-0.065,22.315],[-0.905,22.425],[-0.915,22.425],[-0.925,22.436],[-0.934,22.436],[-2.045,22.565],[-13.345,23.055],[-13.445,23.125],[-13.595,23.045],[-14.215,23.025],[-14.445,23.165],[-14.775,22.995],[-14.785,22.995],[-23.184,21.955],[-23.195,21.955],[-23.325,22.035],[-23.405,21.905],[-23.595,21.615],[-28.215,17.795],[-29.375,18.545],[-29.645,18.125],[-28.625,17.465],[-33.615,13.335],[-34.575,13.955],[-34.845,13.535],[-34.045,13.016],[-41.375,9.215],[-41.545,8.565],[-41.545,8.555],[-41.805,6.585],[-41.715,4.195],[-41.615,3.535],[-41.165,1.585],[-41.165,1.575],[-41.025,1.095],[-38.195,-4.615],[-37.905,-5.035],[-37.045,-6.235],[-36.095,-7.445],[-33.755,-10.055],[-33.395,-10.425],[-33.075,-10.755],[-28.355,-14.905],[-28.425,-14.945],[-28.195,-15.385],[-27.915,-15.245],[-21.955,-19.325],[-22.245,-19.475],[-22.015,-19.915],[-21.455,-19.625],[-14.565,-23.305],[-14.555,-23.305],[-13.995,-23.575],[-6.255,-26.735],[-6.144,-26.775],[-6.135,-26.775],[-5.745,-27.035],[-5.615,-26.965],[-4.184,-27.445],[-4.175,-27.445],[-0.854,-28.495],[3.195,-29.585],[3.945,-29.765],[12.475,-31.365],[12.485,-31.365],[13.635,-31.515],[13.646,-31.515],[13.985,-31.735],[14.255,-31.595],[15.146,-31.695],[15.155,-31.695],[23.245,-32.135],[23.515,-32.135],[24.415,-32.125],[28.555,-31.915],[28.566,-31.915],[29.865,-31.805],[29.875,-31.805],[34.425,-31.155],[35.125,-31.015],[35.845,-30.865],[42.905,-28.685],[43.445,-28.445],[43.455,-28.445],[47.735,-26.065],[48.915,-25.165],[49.316,-24.835],[52.885,-20.265],[53.095,-19.815],[53.125,-19.755],[53.125,-19.745],[53.396,-19.055],[53.396,-19.045],[53.625,-18.365]],"c":true},"ix":2},"nm":"Path 1","mn":"ADBE Vector Shape - Group","hd":false},{"ind":1,"ty":"sh","ix":2,"ks":{"a":0,"k":{"i":[[5.15,-2.22],[-1.72,4.36],[-4.07,-2.161]],"o":[[2.85,-4.729],[2.27,3.34],[-5.55,1.54]],"v":[[-53.205,31.665],[-46.285,17.355],[-36.665,25.646]],"c":true},"ix":2},"nm":"Path 2","mn":"ADBE Vector Shape - Group","hd":false},{"ind":2,"ty":"sh","ix":3,"ks":{"a":0,"k":{"i":[[0.16,0.99],[0.041,0.18],[0.19,0.66],[12.73,2.75],[3.729,0.17],[0,0],[0.29,0.01],[3.82,-0.39],[0,0],[0,0],[0,0],[0.301,-0.03],[0,0],[0.02,0],[3.489,-0.79],[0.25,-0.06],[1.88,-0.55],[1.1,-0.37],[0.22,-0.08],[0,0],[2.57,-1.12],[0,0],[0.19,-0.1],[6,-5.95],[1.77,-4.65],[0.05,-0.16],[0.24,-1.08],[0.04,-0.231],[0.06,-0.84],[0.01,-0.18],[-0.21,-1.361],[0,0],[5.48,-6.619],[0,0],[-8.28,0.2],[-2.689,-0.24],[-1.93,-0.02],[-0.34,0],[-2.66,0.25],[-0.36,0.04],[-0.6,0.08],[-0.06,0.009],[-5.311,1.55],[-8.62,8.551],[-1.19,5.99],[-0.03,0.22],[-0.009,1.1],[0,0],[0,0.19]],"o":[[-0.03,-0.18],[-0.12,-0.67],[-2.6,-8.91],[-3.38,-0.73],[0,0],[-0.29,-0.02],[-3.62,-0.13],[0,0],[0,0],[0,0],[-0.31,0.02],[0,0],[-0.03,0],[-3.42,0.38],[-0.25,0.05],[-1.88,0.44],[-1.12,0.33],[-0.219,0.06],[0,0],[-2.73,0.91],[0,0],[-0.2,0.08],[-9.12,4.01],[-4.53,4.49],[-0.06,0.16],[-0.39,1.08],[-0.04,0.23],[-0.16,0.849],[-0.02,0.181],[-0.06,1.39],[0,0],[-2.34,6.911],[0,0],[9.8,-4.62],[2.43,0.54],[1.83,0.171],[0.33,0.011],[2.52,0],[0.36,-0.03],[0.6,-0.06],[0.06,0],[5.051,-0.631],[14.329,-4.18],[5.88,-5.82],[0.05,-0.22],[0.2,-1.11],[0,0],[0.01,-0.18],[-0.01,-1.01]],"v":[[61.875,-18.085],[61.775,-18.615],[61.305,-20.605],[37.535,-38.685],[26.856,-40.035],[26.845,-40.035],[25.985,-40.075],[14.795,-39.685],[14.785,-39.685],[14.735,-39.645],[14.675,-39.675],[13.765,-39.585],[13.755,-39.585],[13.695,-39.575],[3.316,-37.825],[2.555,-37.655],[-3.095,-36.175],[-6.425,-35.135],[-7.085,-34.915],[-7.095,-34.915],[-15.045,-31.865],[-15.055,-31.865],[-15.635,-31.605],[-38.705,-16.435],[-48.195,-2.625],[-48.365,-2.155],[-49.315,1.085],[-49.445,1.766],[-49.775,4.295],[-49.815,4.845],[-49.595,8.976],[-49.595,8.985],[-62.125,34.055],[-57.465,40.205],[-25.395,29.675],[-17.705,30.845],[-12.055,31.135],[-11.045,31.146],[-3.265,30.775],[-2.175,30.665],[-0.375,30.455],[-0.195,30.436],[15.396,27.165],[50.995,7.425],[61.685,-10.535],[61.805,-11.205],[62.115,-14.525],[62.115,-14.535],[62.125,-15.085]],"c":true},"ix":2},"nm":"Path 3","mn":"ADBE Vector Shape - Group","hd":false},{"ty":"mm","mm":1,"nm":"Merge Paths 1","mn":"ADBE Vector Filter - Merge","hd":false},{"ty":"fl","c":{"a":0,"k":[1,1,1,1],"ix":4},"o":{"a":0,"k":100,"ix":5},"r":1,"bm":0,"nm":"Fill 1","mn":"ADBE Vector Graphic - Fill","hd":false},{"ty":"tr","p":{"a":0,"k":[120.799,40.455],"ix":2},"a":{"a":0,"k":[0,0],"ix":1},"s":{"a":0,"k":[100,100],"ix":3},"r":{"a":0,"k":0,"ix":6},"o":{"a":0,"k":100,"ix":7},"sk":{"a":0,"k":0,"ix":4},"sa":{"a":0,"k":0,"ix":5},"nm":"Transform"}],"nm":"Group 2","np":5,"cix":2,"bm":0,"ix":2,"mn":"ADBE Vector Group","hd":false},{"ty":"gr","it":[{"ind":0,"ty":"sh","ix":1,"ks":{"a":0,"k":{"i":[[0,0],[0,0],[0,0],[0,0],[0,0],[0,0],[0,0],[0,0],[-0.14,-0.649],[0,0],[-0.06,-0.21],[0,0],[0,0],[0,0],[0,0]],"o":[[0,0],[0,0],[0,0],[0,0],[0,0],[0,0],[0,0],[0.04,0.67],[0,0],[0.06,0.22],[0,0],[0,0],[0,0],[0,0],[0,0]],"v":[[-1.44,-1.235],[-1.46,-1.256],[-1.53,-1.305],[-3.32,-2.775],[-3.34,-2.795],[-6.58,-5.475],[-6.98,-5.805],[-9.31,-7.725],[-9.05,-5.756],[-9.05,-5.745],[-8.88,-5.095],[-1.55,-1.295],[-2.35,-0.775],[-2.08,-0.355],[-1.12,-0.975]],"c":true},"ix":2},"nm":"Path 1","mn":"ADBE Vector Shape - Group","hd":false},{"ind":1,"ty":"sh","ix":2,"ks":{"a":0,"k":{"i":[[0,0],[0,0],[0,0],[0,0]],"o":[[0,0],[0,0],[0,0],[0,0]],"v":[[3.87,3.155],[2.85,3.815],[3.12,4.235],[4.28,3.485]],"c":true},"ix":2},"nm":"Path 2","mn":"ADBE Vector Shape - Group","hd":false},{"ind":2,"ty":"sh","ix":3,"ks":{"a":0,"k":{"i":[[0,0],[0,0],[0,0],[0,0],[0,0],[0,0]],"o":[[0,0],[0,0],[0,0],[0,0],[0,0],[0,0]],"v":[[8.9,7.305],[9.09,7.595],[9.17,7.725],[9.3,7.645],[9.31,7.645],[9.31,7.635]],"c":true},"ix":2},"nm":"Path 3","mn":"ADBE Vector Shape - Group","hd":false},{"ty":"mm","mm":1,"nm":"Merge Paths 1","mn":"ADBE Vector Filter - Merge","hd":false},{"ty":"fl","c":{"a":0,"k":[1,1,1,1],"ix":4},"o":{"a":0,"k":100,"ix":5},"r":1,"bm":0,"nm":"Fill 1","mn":"ADBE Vector Graphic - Fill","hd":false},{"ty":"tr","p":{"a":0,"k":[88.304,54.765],"ix":2},"a":{"a":0,"k":[0,0],"ix":1},"s":{"a":0,"k":[100,100],"ix":3},"r":{"a":0,"k":0,"ix":6},"o":{"a":0,"k":100,"ix":7},"sk":{"a":0,"k":0,"ix":4},"sa":{"a":0,"k":0,"ix":5},"nm":"Transform"}],"nm":"Group 3","np":5,"cix":2,"bm":0,"ix":3,"mn":"ADBE Vector Group","hd":false},{"ty":"gr","it":[{"ind":0,"ty":"sh","ix":1,"ks":{"a":0,"k":{"i":[[0.07,0.01],[0,0],[0,0]],"o":[[0,0],[0,0],[-0.069,-0.02]],"v":[[-16.585,30.165],[-16.505,30.295],[-16.375,30.215]],"c":true},"ix":2},"nm":"Path 1","mn":"ADBE Vector Shape - Group","hd":false},{"ind":1,"ty":"sh","ix":2,"ks":{"a":0,"k":{"i":[[0,0],[0,0],[0,0]],"o":[[0,0],[0,0],[0,0]],"v":[[-7.955,31.255],[-7.625,31.425],[-7.395,31.285]],"c":true},"ix":2},"nm":"Path 2","mn":"ADBE Vector Shape - Group","hd":false},{"ind":2,"ty":"sh","ix":3,"ks":{"a":0,"k":{"i":[[0.08,0.009],[0,0],[0,0]],"o":[[0,0],[0,0],[-0.09,0]],"v":[[-6.774,31.305],[-6.625,31.385],[-6.524,31.314]],"c":true},"ix":2},"nm":"Path 3","mn":"ADBE Vector Shape - Group","hd":false},{"ind":3,"ty":"sh","ix":4,"ks":{"a":0,"k":{"i":[[0,0],[0,0],[-0.18,0.06]],"o":[[0,0],[0.169,-0.07],[0,0]],"v":[[1.075,-18.775],[0.686,-18.515],[1.205,-18.705]],"c":true},"ix":2},"nm":"Path 4","mn":"ADBE Vector Shape - Group","hd":false},{"ind":4,"ty":"sh","ix":5,"ks":{"a":0,"k":{"i":[[0,0],[0,0],[-0.2,0.03]],"o":[[0,0],[0.21,-0.03],[0,0]],"v":[[20.806,-23.475],[20.466,-23.255],[21.075,-23.335]],"c":true},"ix":2},"nm":"Path 5","mn":"ADBE Vector Shape - Group","hd":false},{"ind":5,"ty":"sh","ix":6,"ks":{"a":0,"k":{"i":[[0.04,-0.01],[0,0],[0,0]],"o":[[0,0],[0,0],[-0.04,0]],"v":[[21.495,-31.415],[21.556,-31.385],[21.605,-31.425]],"c":true},"ix":2},"nm":"Path 6","mn":"ADBE Vector Shape - Group","hd":false},{"ind":6,"ty":"sh","ix":7,"ks":{"a":0,"k":{"i":[[0,0],[0,0],[0,0],[-0.17,0.1]],"o":[[0,0],[0,0],[0.17,-0.1],[0,0]],"v":[[-15.194,-11.655],[-15.425,-11.215],[-15.135,-11.065],[-14.635,-11.365]],"c":true},"ix":2},"nm":"Path 7","mn":"ADBE Vector Shape - Group","hd":false},{"ind":7,"ty":"sh","ix":8,"ks":{"a":0,"k":{"i":[[0,0],[0,0],[0,0],[-0.15,0.12]],"o":[[0,0],[0,0],[0.14,-0.11],[0,0]],"v":[[-21.375,-7.125],[-21.605,-6.685],[-21.535,-6.645],[-21.095,-6.985]],"c":true},"ix":2},"nm":"Path 8","mn":"ADBE Vector Shape - Group","hd":false},{"ty":"mm","mm":1,"nm":"Merge Paths 1","mn":"ADBE Vector Filter - Merge","hd":false},{"ty":"fl","c":{"a":0,"k":[1,1,1,1],"ix":4},"o":{"a":0,"k":100,"ix":5},"r":1,"bm":0,"nm":"Fill 1","mn":"ADBE Vector Graphic - Fill","hd":false},{"ty":"tr","p":{"a":0,"k":[113.979,32.195],"ix":2},"a":{"a":0,"k":[0,0],"ix":1},"s":{"a":0,"k":[100,100],"ix":3},"r":{"a":0,"k":0,"ix":6},"o":{"a":0,"k":100,"ix":7},"sk":{"a":0,"k":0,"ix":4},"sa":{"a":0,"k":0,"ix":5},"nm":"Transform"}],"nm":"Group 4","np":10,"cix":2,"bm":0,"ix":4,"mn":"ADBE Vector Group","hd":false},{"ty":"gr","it":[{"ind":0,"ty":"sh","ix":1,"ks":{"a":0,"k":{"i":[[-0.08,-0.23],[0,0],[0,0],[0,0],[0,0],[0,0],[0,0],[0,0],[0,0],[0,0],[-0.42,-0.05],[0,0],[0,0],[0,0],[0,0],[0,0],[0,0],[0,0],[0,0],[0,0],[0,0],[0,0]],"o":[[0,0],[0,0],[0,0],[0,0],[0,0],[0,0],[0,0],[0,0],[0,0],[0.439,0.02],[0,0],[0,0],[0,0],[0,0],[0,0],[0,0],[0,0],[0,0],[0,0],[0,0],[0,0],[0.1,0.22]],"v":[[12.415,6.43],[11.595,6.01],[11.085,5.75],[5.185,2.69],[4.675,2.42],[-1.176,-0.61],[-1.695,-0.87],[-8.006,-4.14],[-8.516,-4.41],[-12.415,-6.43],[-11.115,-6.32],[-11.106,-6.32],[-8.025,-4.72],[-7.516,-4.46],[-1.205,-1.18],[-0.695,-0.92],[5.154,2.11],[5.665,2.38],[11.564,5.44],[12.074,5.7],[12.144,5.73],[12.144,5.74]],"c":true},"ix":2},"nm":"Path 1","mn":"ADBE Vector Shape - Group","hd":false},{"ty":"fl","c":{"a":0,"k":[1,1,1,1],"ix":4},"o":{"a":0,"k":100,"ix":5},"r":1,"bm":0,"nm":"Fill 1","mn":"ADBE Vector Graphic - Fill","hd":false},{"ty":"tr","p":{"a":0,"k":[161.78,14.97],"ix":2},"a":{"a":0,"k":[0,0],"ix":1},"s":{"a":0,"k":[100,100],"ix":3},"r":{"a":0,"k":0,"ix":6},"o":{"a":0,"k":100,"ix":7},"sk":{"a":0,"k":0,"ix":4},"sa":{"a":0,"k":0,"ix":5},"nm":"Transform"}],"nm":"Group 5","np":2,"cix":2,"bm":0,"ix":5,"mn":"ADBE Vector Group","hd":false},{"ty":"gr","it":[{"ind":0,"ty":"sh","ix":1,"ks":{"a":0,"k":{"i":[[0,0],[0.05,-0.17],[0,0],[0,0],[0,0],[0,0],[0,0],[0,0],[0,0],[0,0],[0,0],[0,0],[0,0],[0,0],[0,0],[-0.3,0.03],[0,0],[0,0],[0,0],[0,0],[0,0],[0,0],[0,0],[0,0],[0,0],[0,0],[0,0],[0,0],[0,0],[0,0],[0,0],[0,0]],"o":[[-0.03,0.17],[0,0],[0,0],[0,0],[0,0],[0,0],[0,0],[0,0],[0,0],[0,0],[0,0],[0,0],[0,0],[0,0],[0.3,-0.03],[0,0],[0,0],[0,0],[0,0],[0,0],[0,0],[0,0],[0,0],[0,0],[0,0],[0,0],[0,0],[0,0],[0,0],[0,0],[0,0],[0,0]],"v":[[19.745,9.75],[19.625,10.25],[18.275,9.56],[17.765,9.29],[11.925,6.26],[11.415,6],[5.505,2.94],[4.995,2.67],[-0.855,-0.36],[-1.365,-0.62],[-7.675,-3.89],[-8.185,-4.16],[-14.566,-7.46],[-15.075,-7.73],[-19.745,-10.15],[-18.855,-10.25],[-18.845,-10.25],[-14.595,-8.04],[-14.085,-7.78],[-14.075,-7.78],[-7.695,-4.47],[-7.185,-4.2],[-0.875,-0.93],[-0.365,-0.67],[5.485,2.36],[5.995,2.63],[11.895,5.68],[11.905,5.68],[12.415,5.95],[18.245,8.98],[18.255,8.98],[18.765,9.24]],"c":true},"ix":2},"nm":"Path 1","mn":"ADBE Vector Shape - Group","hd":false},{"ty":"fl","c":{"a":0,"k":[1,1,1,1],"ix":4},"o":{"a":0,"k":100,"ix":5},"r":1,"bm":0,"nm":"Fill 1","mn":"ADBE Vector Graphic - Fill","hd":false},{"ty":"tr","p":{"a":0,"k":[154.799,19.01],"ix":2},"a":{"a":0,"k":[0,0],"ix":1},"s":{"a":0,"k":[100,100],"ix":3},"r":{"a":0,"k":0,"ix":6},"o":{"a":0,"k":100,"ix":7},"sk":{"a":0,"k":0,"ix":4},"sa":{"a":0,"k":0,"ix":5},"nm":"Transform"}],"nm":"Group 6","np":2,"cix":2,"bm":0,"ix":6,"mn":"ADBE Vector Group","hd":false},{"ty":"gr","it":[{"ind":0,"ty":"sh","ix":1,"ks":{"a":0,"k":{"i":[[0,0],[0.1,-0.14],[0,0],[0,0],[0,0],[0,0],[0,0],[0,0],[0,0],[0,0],[0,0],[0,0],[0,0],[0,0],[0,0],[0,0],[0,0],[0,0],[0,0],[0,0],[0,0],[0,0],[0,0],[0,0],[0,0],[0,0],[0,0],[0,0],[0,0],[0,0],[0,0],[0,0],[0,0],[0,0],[0,0],[0,0]],"o":[[-0.08,0.14],[0,0],[0,0],[0,0],[0,0],[0,0],[0,0],[0,0],[0,0],[0,0],[0,0],[0,0],[0,0],[0,0],[0,0],[0,0],[0,0],[0,0],[0,0],[0,0],[0,0],[0,0],[0,0],[0,0],[0,0],[0,0],[0,0],[0,0],[0,0],[0,0],[0,0],[0,0],[0,0],[0,0],[0,0],[0,0]],"v":[[23.94,12.005],[23.68,12.425],[18.5,9.735],[18.49,9.735],[17.98,9.475],[12.14,6.445],[11.629,6.185],[5.72,3.125],[5.21,2.855],[-0.63,-0.175],[-0.64,-0.175],[-1.15,-0.435],[-7.46,-3.705],[-7.97,-3.975],[-14.35,-7.275],[-14.86,-7.545],[-19.81,-10.105],[-20.32,-10.365],[-23.94,-12.245],[-23.19,-12.425],[-19.831,-10.685],[-19.32,-10.415],[-14.38,-7.855],[-13.871,-7.595],[-13.86,-7.595],[-7.49,-4.285],[-6.97,-4.015],[-0.661,-0.745],[-0.15,-0.485],[5.7,2.545],[6.21,2.815],[12.11,5.875],[12.62,6.135],[18.46,9.165],[18.97,9.425],[18.98,9.425]],"c":true},"ix":2},"nm":"Path 1","mn":"ADBE Vector Shape - Group","hd":false},{"ty":"fl","c":{"a":0,"k":[1,1,1,1],"ix":4},"o":{"a":0,"k":100,"ix":5},"r":1,"bm":0,"nm":"Fill 1","mn":"ADBE Vector Graphic - Fill","hd":false},{"ty":"tr","p":{"a":0,"k":[147.934,23.115],"ix":2},"a":{"a":0,"k":[0,0],"ix":1},"s":{"a":0,"k":[100,100],"ix":3},"r":{"a":0,"k":0,"ix":6},"o":{"a":0,"k":100,"ix":7},"sk":{"a":0,"k":0,"ix":4},"sa":{"a":0,"k":0,"ix":5},"nm":"Transform"}],"nm":"Group 7","np":2,"cix":2,"bm":0,"ix":7,"mn":"ADBE Vector Group","hd":false},{"ty":"gr","it":[{"ind":0,"ty":"sh","ix":1,"ks":{"a":0,"k":{"i":[[0,0],[0.131,-0.12],[0,0],[0,0],[0,0],[0,0],[0,0],[0,0],[0,0],[0,0],[0,0],[0,0],[0,0],[0,0],[0,0],[0,0],[0,0],[0,0],[0,0],[0,0],[0,0],[0,0],[0,0],[-0.04,0],[0,0],[0,0],[0,0],[0,0],[0,0],[0,0],[0,0],[0,0],[0,0],[0,0],[0,0],[0,0],[0,0],[0,0],[0,0],[0,0],[0,0],[0,0],[0,0],[0,0]],"o":[[-0.11,0.13],[0,0],[0,0],[0,0],[0,0],[0,0],[0,0],[0,0],[0,0],[0,0],[0,0],[0,0],[0,0],[0,0],[0,0],[0,0],[0,0],[0,0],[0,0],[0,0],[0,0],[0,0],[0.04,-0.02],[0,0],[0,0],[0,0],[0,0],[0,0],[0,0],[0,0],[0,0],[0,0],[0,0],[0,0],[0,0],[0,0],[0,0],[0,0],[0,0],[0,0],[0,0],[0,0],[0,0],[0,0]],"v":[[26.525,13.455],[26.165,13.835],[25.025,13.245],[24.515,12.976],[18.655,9.925],[18.645,9.925],[18.135,9.665],[12.305,6.635],[11.796,6.365],[5.895,3.305],[5.385,3.035],[-0.454,0.005],[-0.965,-0.255],[-7.275,-3.535],[-7.785,-3.805],[-14.155,-7.115],[-14.164,-7.115],[-14.675,-7.375],[-19.605,-9.945],[-20.115,-10.205],[-25.985,-13.255],[-26.495,-13.515],[-26.525,-13.535],[-26.414,-13.575],[-26.405,-13.575],[-26.015,-13.835],[-25.885,-13.765],[-25.505,-13.565],[-19.635,-10.515],[-19.124,-10.255],[-14.185,-7.685],[-13.675,-7.425],[-7.305,-4.115],[-6.795,-3.845],[-0.485,-0.575],[0.025,-0.305],[5.865,2.726],[6.376,2.995],[12.275,6.055],[12.785,6.315],[18.626,9.355],[19.135,9.615],[25.005,12.665],[25.515,12.925]],"c":true},"ix":2},"nm":"Path 1","mn":"ADBE Vector Shape - Group","hd":false},{"ty":"fl","c":{"a":0,"k":[1,1,1,1],"ix":4},"o":{"a":0,"k":100,"ix":5},"r":1,"bm":0,"nm":"Fill 1","mn":"ADBE Vector Graphic - Fill","hd":false},{"ty":"tr","p":{"a":0,"k":[141.069,27.255],"ix":2},"a":{"a":0,"k":[0,0],"ix":1},"s":{"a":0,"k":[100,100],"ix":3},"r":{"a":0,"k":0,"ix":6},"o":{"a":0,"k":100,"ix":7},"sk":{"a":0,"k":0,"ix":4},"sa":{"a":0,"k":0,"ix":5},"nm":"Transform"}],"nm":"Group 8","np":2,"cix":2,"bm":0,"ix":8,"mn":"ADBE Vector Group","hd":false},{"ty":"gr","it":[{"ind":0,"ty":"sh","ix":1,"ks":{"a":0,"k":{"i":[[0,0],[0.14,-0.111],[0,0],[0,0],[0,0],[0,0],[0,0],[0,0],[0,0],[0,0],[0,0],[0,0],[0,0],[0,0],[0,0],[0,0],[0,0],[0,0],[0,0],[0,0],[0,0],[0,0],[-0.189,0.09],[0,0],[0,0],[0,0],[0,0],[0,0],[0,0],[0,0],[0,0],[0,0],[0,0],[0,0],[0,0],[0,0],[0,0],[0,0],[0,0],[0,0],[0,0]],"o":[[-0.14,0.12],[0,0],[0,0],[0,0],[0,0],[0,0],[0,0],[0,0],[0,0],[0,0],[0,0],[0,0],[0,0],[0,0],[0,0],[0,0],[0,0],[0,0],[0,0],[0,0],[0,0],[0.19,-0.09],[0,0],[0,0],[0,0],[0,0],[0,0],[0,0],[0,0],[0,0],[0,0],[0,0],[0,0],[0,0],[0,0],[0,0],[0,0],[0,0],[0,0],[0,0],[0,0]],"v":[[28.01,14.235],[27.59,14.575],[25.2,13.325],[25.191,13.325],[24.68,13.065],[18.821,10.015],[18.31,9.755],[12.47,6.725],[11.96,6.455],[6.06,3.395],[5.55,3.125],[-0.29,0.095],[-0.8,-0.175],[-7.11,-3.445],[-7.62,-3.715],[-13.99,-7.025],[-14.5,-7.285],[-19.44,-9.855],[-19.95,-10.115],[-25.809,-13.165],[-26.33,-13.435],[-28.01,-14.305],[-27.45,-14.575],[-25.849,-13.745],[-25.33,-13.475],[-19.469,-10.425],[-18.96,-10.165],[-14.02,-7.595],[-13.51,-7.335],[-7.139,-4.025],[-6.63,-3.755],[-0.32,-0.485],[0.191,-0.215],[6.031,2.815],[6.54,3.085],[12.441,6.145],[12.95,6.415],[18.79,9.445],[19.3,9.705],[25.16,12.755],[25.67,13.025]],"c":true},"ix":2},"nm":"Path 1","mn":"ADBE Vector Shape - Group","hd":false},{"ty":"fl","c":{"a":0,"k":[1,1,1,1],"ix":4},"o":{"a":0,"k":100,"ix":5},"r":1,"bm":0,"nm":"Fill 1","mn":"ADBE Vector Graphic - Fill","hd":false},{"ty":"tr","p":{"a":0,"k":[134.254,31.455],"ix":2},"a":{"a":0,"k":[0,0],"ix":1},"s":{"a":0,"k":[100,100],"ix":3},"r":{"a":0,"k":0,"ix":6},"o":{"a":0,"k":100,"ix":7},"sk":{"a":0,"k":0,"ix":4},"sa":{"a":0,"k":0,"ix":5},"nm":"Transform"}],"nm":"Group 9","np":2,"cix":2,"bm":0,"ix":9,"mn":"ADBE Vector Group","hd":false},{"ty":"gr","it":[{"ind":0,"ty":"sh","ix":1,"ks":{"a":0,"k":{"i":[[0,0],[0.17,-0.1],[0,0],[0,0],[0,0],[0,0],[0,0],[0,0],[0,0],[0,0],[0,0],[0,0],[0,0],[0,0],[0,0],[0,0],[0,0],[0,0],[0,0],[0,0],[0,0],[0,0],[0,0],[0,0],[0,0],[0,0],[0,0],[0,0],[0,0],[0,0],[0,0],[0,0],[0,0],[0,0],[0,0],[0,0],[0,0],[0,0],[0,0],[0,0],[0,0],[0,0],[0,0]],"o":[[-0.16,0.1],[0,0],[0,0],[0,0],[0,0],[0,0],[0,0],[0,0],[0,0],[0,0],[0,0],[0,0],[0,0],[0,0],[0,0],[0,0],[0,0],[0,0],[0,0],[0,0],[0,0],[0,0],[0,0],[0,0],[0,0],[0,0],[0,0],[0,0],[0,0],[0,0],[0,0],[0,0],[0,0],[0,0],[0,0],[0,0],[0,0],[0,0],[0,0],[0,0],[0,0],[0,0],[0,0]],"v":[[28.725,14.665],[28.225,14.976],[25.505,13.564],[24.995,13.306],[19.125,10.266],[18.615,9.995],[12.765,6.965],[12.255,6.706],[6.355,3.645],[5.845,3.374],[-0.005,0.346],[-0.515,0.085],[-6.825,-3.186],[-7.335,-3.456],[-13.715,-6.755],[-13.725,-6.755],[-14.235,-7.025],[-19.175,-9.585],[-19.685,-9.855],[-25.555,-12.896],[-26.065,-13.155],[-28.435,-14.385],[-28.725,-14.535],[-28.495,-14.976],[-27.935,-14.686],[-25.585,-13.465],[-25.075,-13.206],[-19.205,-10.165],[-18.695,-9.896],[-13.745,-7.335],[-13.235,-7.075],[-6.855,-3.766],[-6.345,-3.495],[-0.025,-0.226],[0.485,0.035],[6.325,3.064],[6.845,3.335],[12.745,6.385],[13.255,6.655],[19.095,9.686],[19.605,9.945],[25.485,12.984],[25.995,13.256]],"c":true},"ix":2},"nm":"Path 1","mn":"ADBE Vector Shape - Group","hd":false},{"ty":"fl","c":{"a":0,"k":[1,1,1,1],"ix":4},"o":{"a":0,"k":100,"ix":5},"r":1,"bm":0,"nm":"Fill 1","mn":"ADBE Vector Graphic - Fill","hd":false},{"ty":"tr","p":{"a":0,"k":[127.279,35.515],"ix":2},"a":{"a":0,"k":[0,0],"ix":1},"s":{"a":0,"k":[100,100],"ix":3},"r":{"a":0,"k":0,"ix":6},"o":{"a":0,"k":100,"ix":7},"sk":{"a":0,"k":0,"ix":4},"sa":{"a":0,"k":0,"ix":5},"nm":"Transform"}],"nm":"Group 10","np":2,"cix":2,"bm":0,"ix":10,"mn":"ADBE Vector Group","hd":false},{"ty":"gr","it":[{"ind":0,"ty":"sh","ix":1,"ks":{"a":0,"k":{"i":[[0,0],[0.18,-0.091],[0,0],[0,0],[0,0],[0,0],[0,0],[0,0],[0,0],[0,0],[0,0],[0,0],[0,0],[0,0],[0,0],[0,0],[0,0],[0,0],[0,0],[0,0],[0,0],[0,0],[0,0],[0,0],[0,0],[0,0],[0,0],[0,0],[0,0],[0,0],[0,0],[0,0],[0,0],[0,0],[0,0],[0,0],[0,0],[0,0],[0,0],[0,0],[0,0],[0,0],[0,0],[0,0]],"o":[[-0.18,0.1],[0,0],[0,0],[0,0],[0,0],[0,0],[0,0],[0,0],[0,0],[0,0],[0,0],[0,0],[0,0],[0,0],[0,0],[0,0],[0,0],[0,0],[0,0],[0,0],[0,0],[0,0],[0,0],[0,0],[0,0],[0,0],[0,0],[0,0],[0,0],[0,0],[0,0],[0,0],[0,0],[0,0],[0,0],[0,0],[0,0],[0,0],[0,0],[0,0],[0,0],[0,0],[0,0],[0,0]],"v":[[28.215,14.42],[27.665,14.7],[25.545,13.6],[25.035,13.34],[19.165,10.29],[18.655,10.029],[12.816,7],[12.305,6.739],[12.295,6.739],[6.395,3.68],[5.885,3.41],[0.045,0.38],[-0.465,0.12],[-6.785,-3.15],[-7.295,-3.42],[-13.675,-6.73],[-14.184,-6.99],[-19.135,-9.55],[-19.644,-9.82],[-25.505,-12.86],[-26.025,-13.12],[-28.145,-14.22],[-28.215,-14.26],[-27.985,-14.7],[-27.705,-14.56],[-25.545,-13.43],[-25.025,-13.17],[-19.165,-10.13],[-18.655,-9.86],[-13.705,-7.3],[-13.195,-7.04],[-6.815,-3.73],[-6.305,-3.46],[0.015,-0.19],[0.526,0.07],[6.365,3.1],[6.875,3.37],[12.776,6.43],[12.785,6.43],[13.295,6.69],[19.135,9.72],[19.645,9.98],[25.515,13.029],[26.026,13.29]],"c":true},"ix":2},"nm":"Path 1","mn":"ADBE Vector Shape - Group","hd":false},{"ty":"fl","c":{"a":0,"k":[1,1,1,1],"ix":4},"o":{"a":0,"k":100,"ix":5},"r":1,"bm":0,"nm":"Fill 1","mn":"ADBE Vector Graphic - Fill","hd":false},{"ty":"tr","p":{"a":0,"k":[120.589,39.77],"ix":2},"a":{"a":0,"k":[0,0],"ix":1},"s":{"a":0,"k":[100,100],"ix":3},"r":{"a":0,"k":0,"ix":6},"o":{"a":0,"k":100,"ix":7},"sk":{"a":0,"k":0,"ix":4},"sa":{"a":0,"k":0,"ix":5},"nm":"Transform"}],"nm":"Group 11","np":2,"cix":2,"bm":0,"ix":11,"mn":"ADBE Vector Group","hd":false},{"ty":"gr","it":[{"ind":0,"ty":"sh","ix":1,"ks":{"a":0,"k":{"i":[[0,0],[0.22,-0.07],[0,0],[0,0],[0,0],[0,0],[0,0],[0,0],[0,0],[0,0],[0,0],[0,0],[0,0],[0,0],[0,0],[0,0],[0,0],[0,0],[0,0],[0,0],[0,0],[0,0],[0,0],[0,0],[0,0],[-0.13,0.12],[0,0],[0,0],[0,0],[0,0],[0,0],[0,0],[0,0],[0,0],[0,0],[0,0],[0,0],[0,0],[0,0],[0,0],[0,0],[0,0],[0,0],[0,0],[0,0]],"o":[[-0.21,0.08],[0,0],[0,0],[0,0],[0,0],[0,0],[0,0],[0,0],[0,0],[0,0],[0,0],[0,0],[0,0],[0,0],[0,0],[0,0],[0,0],[0,0],[0,0],[0,0],[0,0],[0,0],[0,0],[0,0],[0.11,-0.12],[0,0],[0,0],[0,0],[0,0],[0,0],[0,0],[0,0],[0,0],[0,0],[0,0],[0,0],[0,0],[0,0],[0,0],[0,0],[0,0],[0,0],[0,0],[0,0],[0,0]],"v":[[26.855,13.705],[26.215,13.935],[26.205,13.935],[25.655,13.655],[25.145,13.386],[19.275,10.346],[18.765,10.085],[12.925,7.056],[12.915,7.056],[12.415,6.785],[6.505,3.726],[5.995,3.466],[0.155,0.435],[-0.355,0.165],[-0.365,0.165],[-6.675,-3.105],[-7.185,-3.365],[-13.565,-6.675],[-14.075,-6.935],[-14.085,-6.935],[-19.025,-9.505],[-19.535,-9.765],[-25.395,-12.805],[-25.915,-13.075],[-26.855,-13.565],[-26.495,-13.935],[-25.435,-13.385],[-24.915,-13.115],[-19.055,-10.075],[-19.045,-10.075],[-18.535,-9.815],[-13.595,-7.255],[-13.085,-6.984],[-6.705,-3.685],[-6.195,-3.415],[0.125,-0.145],[0.635,0.125],[6.485,3.145],[6.995,3.415],[12.895,6.476],[13.405,6.735],[19.255,9.766],[19.765,10.025],[25.635,13.075],[26.145,13.335]],"c":true},"ix":2},"nm":"Path 1","mn":"ADBE Vector Shape - Group","hd":false},{"ty":"fl","c":{"a":0,"k":[1,1,1,1],"ix":4},"o":{"a":0,"k":100,"ix":5},"r":1,"bm":0,"nm":"Fill 1","mn":"ADBE Vector Graphic - Fill","hd":false},{"ty":"tr","p":{"a":0,"k":[113.899,43.965],"ix":2},"a":{"a":0,"k":[0,0],"ix":1},"s":{"a":0,"k":[100,100],"ix":3},"r":{"a":0,"k":0,"ix":6},"o":{"a":0,"k":100,"ix":7},"sk":{"a":0,"k":0,"ix":4},"sa":{"a":0,"k":0,"ix":5},"nm":"Transform"}],"nm":"Group 12","np":2,"cix":2,"bm":0,"ix":12,"mn":"ADBE Vector Group","hd":false},{"ty":"gr","it":[{"ind":0,"ty":"sh","ix":1,"ks":{"a":0,"k":{"i":[[0,0],[0.239,-0.07],[0,0],[0,0],[0,0],[0,0],[0,0],[0,0],[0,0],[0,0],[0,0],[0,0],[0,0],[0,0],[0,0],[0,0],[0,0],[0,0],[-0.1,0.14],[0,0],[0,0],[0,0],[0,0],[0,0],[0,0],[0,0],[0,0],[0,0],[0,0],[0,0],[0,0],[0,0],[0,0],[0,0],[0,0],[0,0]],"o":[[-0.24,0.061],[0,0],[0,0],[0,0],[0,0],[0,0],[0,0],[0,0],[0,0],[0,0],[0,0],[0,0],[0,0],[0,0],[0,0],[0,0],[0,0],[0.09,-0.14],[0,0],[0,0],[0,0],[0,0],[0,0],[0,0],[0,0],[0,0],[0,0],[0,0],[0,0],[0,0],[0,0],[0,0],[0,0],[0,0],[0,0],[0,0]],"v":[[24.445,12.505],[23.735,12.695],[19.474,10.485],[18.965,10.225],[13.125,7.195],[13.115,7.195],[12.615,6.925],[6.705,3.865],[6.195,3.606],[0.355,0.575],[-0.156,0.316],[-6.475,-2.965],[-6.986,-3.224],[-13.366,-6.535],[-13.875,-6.795],[-18.826,-9.365],[-19.335,-9.625],[-24.445,-12.275],[-24.155,-12.695],[-18.855,-9.945],[-18.845,-9.945],[-18.335,-9.675],[-13.395,-7.115],[-12.885,-6.845],[-6.505,-3.545],[-5.995,-3.275],[0.325,-0.005],[0.835,0.265],[6.684,3.295],[7.195,3.555],[13.094,6.615],[13.594,6.885],[13.605,6.885],[19.445,9.905],[19.455,9.905],[19.955,10.175]],"c":true},"ix":2},"nm":"Path 1","mn":"ADBE Vector Shape - Group","hd":false},{"ty":"fl","c":{"a":0,"k":[1,1,1,1],"ix":4},"o":{"a":0,"k":100,"ix":5},"r":1,"bm":0,"nm":"Fill 1","mn":"ADBE Vector Graphic - Fill","hd":false},{"ty":"tr","p":{"a":0,"k":[107.049,48.115],"ix":2},"a":{"a":0,"k":[0,0],"ix":1},"s":{"a":0,"k":[100,100],"ix":3},"r":{"a":0,"k":0,"ix":6},"o":{"a":0,"k":100,"ix":7},"sk":{"a":0,"k":0,"ix":4},"sa":{"a":0,"k":0,"ix":5},"nm":"Transform"}],"nm":"Group 13","np":2,"cix":2,"bm":0,"ix":13,"mn":"ADBE Vector Group","hd":false},{"ty":"gr","it":[{"ind":0,"ty":"sh","ix":1,"ks":{"a":0,"k":{"i":[[0,0],[0.28,-0.029],[0,0],[0,0],[0,0],[0,0],[0,0],[0,0],[0,0],[0,0],[0,0],[0,0],[0,0],[0,0],[0,0],[0,0],[0,0],[0,0],[0,0],[0,0],[-0.051,0.16],[0,0],[0,0],[0,0],[0,0],[0,0],[0,0],[0,0],[0,0],[0,0],[0,0],[0,0],[0,0],[0,0],[0,0]],"o":[[-0.279,0.05],[0,0],[0,0],[0,0],[0,0],[0,0],[0,0],[0,0],[0,0],[0,0],[0,0],[0,0],[0,0],[0,0],[0,0],[0,0],[0,0],[0,0],[0,0],[0.04,-0.16],[0,0],[0,0],[0,0],[0,0],[0,0],[0,0],[0,0],[0,0],[0,0],[0,0],[0,0],[0,0],[0,0],[0,0],[0,0]],"v":[[20.55,10.551],[19.71,10.66],[19.7,10.66],[19.691,10.671],[19.681,10.671],[19.181,10.41],[13.33,7.381],[12.821,7.111],[6.92,4.061],[6.41,3.79],[0.571,0.761],[0.061,0.501],[-6.26,-2.779],[-6.769,-3.04],[-13.15,-6.35],[-13.659,-6.609],[-18.61,-9.18],[-19.119,-9.439],[-20.55,-10.18],[-20.55,-10.189],[-20.409,-10.671],[-18.639,-9.749],[-18.13,-9.49],[-13.179,-6.93],[-12.67,-6.66],[-6.289,-3.35],[-5.78,-3.09],[0.54,0.181],[1.05,0.45],[6.901,3.48],[7.41,3.74],[13.311,6.801],[13.821,7.061],[19.67,10.09],[20.181,10.361]],"c":true},"ix":2},"nm":"Path 1","mn":"ADBE Vector Shape - Group","hd":false},{"ty":"fl","c":{"a":0,"k":[1,1,1,1],"ix":4},"o":{"a":0,"k":100,"ix":5},"r":1,"bm":0,"nm":"Fill 1","mn":"ADBE Vector Graphic - Fill","hd":false},{"ty":"tr","p":{"a":0,"k":[100.184,52.22],"ix":2},"a":{"a":0,"k":[0,0],"ix":1},"s":{"a":0,"k":[100,100],"ix":3},"r":{"a":0,"k":0,"ix":6},"o":{"a":0,"k":100,"ix":7},"sk":{"a":0,"k":0,"ix":4},"sa":{"a":0,"k":0,"ix":5},"nm":"Transform"}],"nm":"Group 14","np":2,"cix":2,"bm":0,"ix":14,"mn":"ADBE Vector Group","hd":false},{"ty":"gr","it":[{"ind":0,"ty":"sh","ix":1,"ks":{"a":0,"k":{"i":[[-0.06,0.01],[0,0],[0,0]],"o":[[0,0],[0,0],[0.06,0]],"v":[[0.09,-0.045],[0.04,0.045],[-0.09,-0.025]],"c":true},"ix":2},"nm":"Path 1","mn":"ADBE Vector Shape - Group","hd":false},{"ty":"fl","c":{"a":0,"k":[1,1,1,1],"ix":4},"o":{"a":0,"k":100,"ix":5},"r":1,"bm":0,"nm":"Fill 1","mn":"ADBE Vector Graphic - Fill","hd":false},{"ty":"tr","p":{"a":0,"k":[120.514,70.936],"ix":2},"a":{"a":0,"k":[0,0],"ix":1},"s":{"a":0,"k":[100,100],"ix":3},"r":{"a":0,"k":0,"ix":6},"o":{"a":0,"k":100,"ix":7},"sk":{"a":0,"k":0,"ix":4},"sa":{"a":0,"k":0,"ix":5},"nm":"Transform"}],"nm":"Group 15","np":2,"cix":2,"bm":0,"ix":15,"mn":"ADBE Vector Group","hd":false},{"ty":"gr","it":[{"ind":0,"ty":"sh","ix":1,"ks":{"a":0,"k":{"i":[[0,0],[0.2,0.01],[0,0],[0,0],[0,0],[0,0],[0,0],[0,0],[0,0],[0,0],[0,0],[0,0],[0,0],[0,0],[0.06,0.219],[0,0],[0,0],[0,0],[0,0],[0,0],[0,0],[0,0],[0,0],[0,0]],"o":[[-0.21,0],[0,0],[0,0],[0,0],[0,0],[0,0],[0,0],[0,0],[0,0],[0,0],[0,0],[0,0],[0,0],[-0.06,-0.21],[0,0],[0,0],[0,0],[0,0],[0,0],[0,0],[0,0],[0,0],[0,0],[0,0]],"v":[[13.975,7.18],[13.355,7.16],[13.124,7.299],[12.794,7.13],[12.785,7.13],[7.225,4.25],[6.715,3.98],[0.865,0.951],[0.355,0.689],[-5.965,-2.581],[-6.365,-2.79],[-6.385,-2.811],[-6.475,-2.85],[-13.805,-6.65],[-13.975,-7.299],[-8.265,-4.35],[-8.245,-4.331],[-5.985,-3.161],[-5.475,-2.9],[0.845,0.38],[1.355,0.639],[7.195,3.67],[7.715,3.93],[13.615,6.991]],"c":true},"ix":2},"nm":"Path 1","mn":"ADBE Vector Shape - Group","hd":false},{"ty":"fl","c":{"a":0,"k":[1,1,1,1],"ix":4},"o":{"a":0,"k":100,"ix":5},"r":1,"bm":0,"nm":"Fill 1","mn":"ADBE Vector Graphic - Fill","hd":false},{"ty":"tr","p":{"a":0,"k":[93.229,56.321],"ix":2},"a":{"a":0,"k":[0,0],"ix":1},"s":{"a":0,"k":[100,100],"ix":3},"r":{"a":0,"k":0,"ix":6},"o":{"a":0,"k":100,"ix":7},"sk":{"a":0,"k":0,"ix":4},"sa":{"a":0,"k":0,"ix":5},"nm":"Transform"}],"nm":"Group 16","np":2,"cix":2,"bm":0,"ix":16,"mn":"ADBE Vector Group","hd":false},{"ty":"gr","it":[{"ind":0,"ty":"sh","ix":1,"ks":{"a":0,"k":{"i":[[-0.04,0],[0,0],[0,0]],"o":[[0,0],[0,0],[0.04,-0.01]],"v":[[0.055,-0.02],[0.005,0.02],[-0.055,-0.01]],"c":true},"ix":2},"nm":"Path 1","mn":"ADBE Vector Shape - Group","hd":false},{"ty":"fl","c":{"a":0,"k":[1,1,1,1],"ix":4},"o":{"a":0,"k":100,"ix":5},"r":1,"bm":0,"nm":"Fill 1","mn":"ADBE Vector Graphic - Fill","hd":false},{"ty":"tr","p":{"a":0,"k":[135.529,0.79],"ix":2},"a":{"a":0,"k":[0,0],"ix":1},"s":{"a":0,"k":[100,100],"ix":3},"r":{"a":0,"k":0,"ix":6},"o":{"a":0,"k":100,"ix":7},"sk":{"a":0,"k":0,"ix":4},"sa":{"a":0,"k":0,"ix":5},"nm":"Transform"}],"nm":"Group 17","np":2,"cix":2,"bm":0,"ix":17,"mn":"ADBE Vector Group","hd":false},{"ty":"gr","it":[{"ind":0,"ty":"sh","ix":1,"ks":{"a":0,"k":{"i":[[0,0],[0.02,0],[0,0]],"o":[[-0.03,0],[0,0],[0,0]],"v":[[0.03,0],[-0.03,0.01],[0.01,-0.01]],"c":true},"ix":2},"nm":"Path 1","mn":"ADBE Vector Shape - Group","hd":false},{"ty":"fl","c":{"a":0,"k":[1,1,1,1],"ix":4},"o":{"a":0,"k":100,"ix":5},"r":1,"bm":0,"nm":"Fill 1","mn":"ADBE Vector Graphic - Fill","hd":false},{"ty":"tr","p":{"a":0,"k":[134.524,0.87],"ix":2},"a":{"a":0,"k":[0,0],"ix":1},"s":{"a":0,"k":[100,100],"ix":3},"r":{"a":0,"k":0,"ix":6},"o":{"a":0,"k":100,"ix":7},"sk":{"a":0,"k":0,"ix":4},"sa":{"a":0,"k":0,"ix":5},"nm":"Transform"}],"nm":"Group 18","np":2,"cix":2,"bm":0,"ix":18,"mn":"ADBE Vector Group","hd":false},{"ty":"gr","it":[{"ind":0,"ty":"sh","ix":1,"ks":{"a":0,"k":{"i":[[-0.48,0.14],[0,0],[0,0],[0,0],[0,0],[0,0],[0,0],[0,0],[0,0],[0,0],[0,0],[0,0],[-0.33,0.4],[0,0],[0,0],[0,0],[0,0],[0,0],[0,0],[0,0],[0,0],[0,0],[0,0],[0,0],[0,0],[0,0]],"o":[[0,0],[0,0],[0,0],[0,0],[0,0],[0,0],[0,0],[0,0],[0,0],[0,0],[0,0],[0.299,-0.4],[0,0],[0,0],[0,0],[0,0],[0,0],[0,0],[0,0],[0,0],[0,0],[0,0],[0,0],[0,0],[0,0],[0.471,-0.17]],"v":[[16.43,-10.605],[15.379,-9.925],[14.9,-9.615],[8.74,-5.635],[8.26,-5.325],[2.02,-1.305],[1.539,-0.995],[-4.62,2.985],[-5.1,3.295],[-11.2,7.235],[-11.68,7.545],[-16.43,10.605],[-15.48,9.395],[-12.2,7.275],[-11.72,6.965],[-5.62,3.035],[-5.14,2.725],[1.03,-1.255],[1.51,-1.565],[7.74,-5.595],[8.22,-5.905],[14.39,-9.875],[14.47,-9.935],[14.48,-9.935],[14.869,-10.195],[14.999,-10.125]],"c":true},"ix":2},"nm":"Path 1","mn":"ADBE Vector Shape - Group","hd":false},{"ty":"fl","c":{"a":0,"k":[1,1,1,1],"ix":4},"o":{"a":0,"k":100,"ix":5},"r":1,"bm":0,"nm":"Fill 1","mn":"ADBE Vector Graphic - Fill","hd":false},{"ty":"tr","p":{"a":0,"k":[100.184,23.615],"ix":2},"a":{"a":0,"k":[0,0],"ix":1},"s":{"a":0,"k":[100,100],"ix":3},"r":{"a":0,"k":0,"ix":6},"o":{"a":0,"k":100,"ix":7},"sk":{"a":0,"k":0,"ix":4},"sa":{"a":0,"k":0,"ix":5},"nm":"Transform"}],"nm":"Group 19","np":2,"cix":2,"bm":0,"ix":19,"mn":"ADBE Vector Group","hd":false},{"ty":"gr","it":[{"ind":0,"ty":"sh","ix":1,"ks":{"a":0,"k":{"i":[[-0.38,0.04],[0,0],[0,0],[0,0],[0,0],[0,0],[0,0],[0,0],[0,0],[0,0],[0,0],[0,0],[0,0],[0,0],[0,0],[0,0],[0,0],[0,0],[-0.05,0.22],[0,0],[0,0],[0,0],[0,0],[0,0],[0,0],[0,0],[0,0],[0,0],[0,0],[0,0],[0,0],[0,0],[0,0],[0,0],[0,0],[0,0],[0,0],[0,0],[0,0]],"o":[[0,0],[0,0],[0,0],[0,0],[0,0],[0,0],[0,0],[0,0],[0,0],[0,0],[0,0],[0,0],[0,0],[0,0],[0,0],[0,0],[0,0],[0.02,-0.22],[0,0],[0,0],[0,0],[0,0],[0,0],[0,0],[0,0],[0,0],[0,0],[0,0],[0,0],[0,0],[0,0],[0,0],[0,0],[0,0],[0,0],[0,0],[0,0],[0,0],[0.389,-0.05]],"v":[[27.675,-17.855],[21.856,-14.095],[21.365,-13.785],[15.186,-9.795],[14.705,-9.485],[8.535,-5.505],[8.055,-5.195],[1.825,-1.175],[1.345,-0.865],[-4.825,3.115],[-5.304,3.425],[-11.395,7.355],[-11.885,7.665],[-18.045,11.645],[-18.535,11.955],[-24.705,15.935],[-25.185,16.245],[-27.675,17.855],[-27.575,17.195],[-25.695,15.985],[-25.215,15.675],[-19.045,11.695],[-18.565,11.375],[-18.554,11.375],[-12.395,7.405],[-11.915,7.095],[-11.905,7.095],[-5.814,3.155],[-5.335,2.845],[0.835,-1.135],[1.316,-1.445],[7.545,-5.455],[8.026,-5.765],[14.196,-9.745],[14.675,-10.055],[20.856,-14.045],[21.345,-14.365],[26.515,-17.705],[26.526,-17.705]],"c":true},"ix":2},"nm":"Path 1","mn":"ADBE Vector Shape - Group","hd":false},{"ty":"fl","c":{"a":0,"k":[1,1,1,1],"ix":4},"o":{"a":0,"k":100,"ix":5},"r":1,"bm":0,"nm":"Fill 1","mn":"ADBE Vector Graphic - Fill","hd":false},{"ty":"tr","p":{"a":0,"k":[106.759,26.795],"ix":2},"a":{"a":0,"k":[0,0],"ix":1},"s":{"a":0,"k":[100,100],"ix":3},"r":{"a":0,"k":0,"ix":6},"o":{"a":0,"k":100,"ix":7},"sk":{"a":0,"k":0,"ix":4},"sa":{"a":0,"k":0,"ix":5},"nm":"Transform"}],"nm":"Group 20","np":2,"cix":2,"bm":0,"ix":20,"mn":"ADBE Vector Group","hd":false},{"ty":"gr","it":[{"ind":0,"ty":"sh","ix":1,"ks":{"a":0,"k":{"i":[[0,0],[0.3,-0.38],[0,0],[0,0],[0,0],[0,0],[0,0],[0,0],[0,0],[0,0],[0,0],[0,0],[0,0],[0,0],[0,0],[0.641,-0.201],[0,0],[0,0],[0,0],[0,0],[0,0],[0,0],[0,0],[0,0],[0,0],[0,0]],"o":[[-0.25,0.38],[0,0],[0,0],[0,0],[0,0],[0,0],[0,0],[0,0],[0,0],[0,0],[0,0],[0,0],[0,0],[0,0],[-0.631,0.219],[0,0],[0,0],[0,0],[0,0],[0,0],[0,0],[0,0],[0,0],[0,0],[0,0],[0,0]],"v":[[17.321,-11.176],[16.491,-10.046],[13.251,-7.956],[12.76,-7.635],[6.59,-3.654],[6.12,-3.355],[6.111,-3.355],[-0.061,0.635],[-0.549,0.945],[-6.719,4.926],[-7.201,5.234],[-13.289,9.165],[-13.781,9.484],[-15.419,10.546],[-15.429,10.546],[-17.32,11.176],[-14.289,9.215],[-13.799,8.904],[-7.71,4.975],[-7.23,4.665],[-1.061,0.684],[-0.57,0.365],[5.6,-3.615],[6.081,-3.926],[12.251,-7.904],[12.741,-8.215]],"c":true},"ix":2},"nm":"Path 1","mn":"ADBE Vector Shape - Group","hd":false},{"ty":"fl","c":{"a":0,"k":[1,1,1,1],"ix":4},"o":{"a":0,"k":100,"ix":5},"r":1,"bm":0,"nm":"Fill 1","mn":"ADBE Vector Graphic - Fill","hd":false},{"ty":"tr","p":{"a":0,"k":[153.334,48.135],"ix":2},"a":{"a":0,"k":[0,0],"ix":1},"s":{"a":0,"k":[100,100],"ix":3},"r":{"a":0,"k":0,"ix":6},"o":{"a":0,"k":100,"ix":7},"sk":{"a":0,"k":0,"ix":4},"sa":{"a":0,"k":0,"ix":5},"nm":"Transform"}],"nm":"Group 21","np":2,"cix":2,"bm":0,"ix":21,"mn":"ADBE Vector Group","hd":false},{"ty":"gr","it":[{"ind":0,"ty":"sh","ix":1,"ks":{"a":0,"k":{"i":[[0,0],[0.03,-0.21],[0,0],[0,0],[0,0],[0,0],[0,0],[0,0],[0,0],[0,0],[0,0],[0,0],[0,0],[0,0],[0,0],[0,0],[0,0],[0,0],[0,0],[0,0],[0,0],[0,0],[0,0],[0,0],[0,0],[0,0],[0.37,-0.04],[0,0],[0,0],[0,0],[0,0],[0,0],[0,0],[0,0],[0,0],[0,0],[0,0],[0,0],[0,0],[0,0],[0,0],[0,0],[0,0],[0,0],[0,0],[0,0],[0,0]],"o":[[-0.01,0.21],[0,0],[0,0],[0,0],[0,0],[0,0],[0,0],[0,0],[0,0],[0,0],[0,0],[0,0],[0,0],[0,0],[0,0],[0,0],[0,0],[0,0],[0,0],[0,0],[0,0],[0,0],[0,0],[0,0],[0,0],[-0.371,0.049],[0,0],[0,0],[0,0],[0,0],[0,0],[0,0],[0,0],[0,0],[0,0],[0,0],[0,0],[0,0],[0,0],[0,0],[0,0],[0,0],[0,0],[0,0],[0,0],[0,0],[0,0]],"v":[[28.045,-18.095],[27.985,-17.465],[26.765,-16.675],[26.275,-16.355],[20.115,-12.385],[20.106,-12.385],[19.635,-12.075],[19.625,-12.075],[13.405,-8.055],[12.925,-7.745],[12.915,-7.745],[6.755,-3.765],[6.275,-3.455],[0.085,0.535],[-0.394,0.855],[-6.565,4.825],[-7.045,5.135],[-13.135,9.065],[-13.625,9.385],[-19.795,13.365],[-20.275,13.676],[-26.434,17.655],[-26.905,17.955],[-26.915,17.955],[-26.925,17.966],[-26.934,17.966],[-28.045,18.095],[-27.434,17.705],[-26.945,17.385],[-20.785,13.415],[-20.305,13.095],[-20.295,13.095],[-14.135,9.125],[-13.644,8.805],[-7.555,4.875],[-7.075,4.565],[-0.905,0.585],[-0.425,0.275],[5.765,-3.715],[6.245,-4.025],[12.405,-8.005],[12.896,-8.315],[19.115,-12.335],[19.595,-12.645],[25.765,-16.625],[26.245,-16.935],[26.255,-16.935]],"c":true},"ix":2},"nm":"Path 1","mn":"ADBE Vector Shape - Group","hd":false},{"ty":"fl","c":{"a":0,"k":[1,1,1,1],"ix":4},"o":{"a":0,"k":100,"ix":5},"r":1,"bm":0,"nm":"Fill 1","mn":"ADBE Vector Graphic - Fill","hd":false},{"ty":"tr","p":{"a":0,"k":[146.799,44.925],"ix":2},"a":{"a":0,"k":[0,0],"ix":1},"s":{"a":0,"k":[100,100],"ix":3},"r":{"a":0,"k":0,"ix":6},"o":{"a":0,"k":100,"ix":7},"sk":{"a":0,"k":0,"ix":4},"sa":{"a":0,"k":0,"ix":5},"nm":"Transform"}],"nm":"Group 22","np":2,"cix":2,"bm":0,"ix":22,"mn":"ADBE Vector Group","hd":false},{"ty":"gr","it":[{"ind":0,"ty":"sh","ix":1,"ks":{"a":0,"k":{"i":[[-0.06,-0.15],[0,0],[0,0],[0,0],[0,0],[0,0],[0,0],[0,0],[0,0],[0,0],[0,0],[0,0],[0,0],[0,0],[0,0],[0,0],[0,0],[0,0],[0,0],[0,0],[0,0],[0,0],[0,0],[0,0],[0,0],[0,0],[0,0],[0.201,0.01],[0,0],[0,0],[0,0],[0,0],[0,0],[0,0],[0,0],[0,0],[0,0],[0,0],[0,0],[0,0],[0,0],[0,0],[0,0],[0,0],[0,0],[0,0],[0,0],[0,0],[0,0],[0,0],[0,0],[0,0],[0,0]],"o":[[0,0],[0,0],[0,0],[0,0],[0,0],[0,0],[0,0],[0,0],[0,0],[0,0],[0,0],[0,0],[0,0],[0,0],[0,0],[0,0],[0,0],[0,0],[0,0],[0,0],[0,0],[0,0],[0,0],[0,0],[0,0],[0,0],[-0.21,0],[0,0],[0,0],[0,0],[0,0],[0,0],[0,0],[0,0],[0,0],[0,0],[0,0],[0,0],[0,0],[0,0],[0,0],[0,0],[0,0],[0,0],[0,0],[0,0],[0,0],[0,0],[0,0],[0,0],[0,0],[0,0],[0.08,0.15]],"v":[[33.655,-21.245],[33.615,-21.215],[33.135,-20.905],[26.975,-16.925],[26.485,-16.615],[20.315,-12.635],[19.836,-12.325],[13.615,-8.315],[13.135,-7.995],[6.966,-4.015],[6.485,-3.705],[0.296,0.285],[-0.195,0.595],[-6.355,4.575],[-6.834,4.885],[-12.935,8.815],[-13.414,9.135],[-13.425,9.135],[-19.584,13.115],[-19.595,13.115],[-20.065,13.425],[-20.074,13.425],[-26.235,17.395],[-26.725,17.715],[-32.784,21.625],[-32.885,21.695],[-33.034,21.615],[-33.655,21.595],[-33.395,21.425],[-27.235,17.445],[-26.744,17.135],[-20.574,13.155],[-20.095,12.845],[-13.925,8.865],[-13.445,8.555],[-7.355,4.625],[-7.345,4.625],[-6.874,4.315],[-6.865,4.315],[-0.704,0.336],[-0.215,0.015],[5.975,-3.975],[6.456,-4.285],[12.626,-8.265],[13.105,-8.575],[19.325,-12.585],[19.805,-12.895],[25.975,-16.875],[26.456,-17.195],[26.466,-17.195],[32.626,-21.165],[33.105,-21.475],[33.445,-21.695]],"c":true},"ix":2},"nm":"Path 1","mn":"ADBE Vector Shape - Group","hd":false},{"ty":"fl","c":{"a":0,"k":[1,1,1,1],"ix":4},"o":{"a":0,"k":100,"ix":5},"r":1,"bm":0,"nm":"Fill 1","mn":"ADBE Vector Graphic - Fill","hd":false},{"ty":"tr","p":{"a":0,"k":[140.239,41.885],"ix":2},"a":{"a":0,"k":[0,0],"ix":1},"s":{"a":0,"k":[100,100],"ix":3},"r":{"a":0,"k":0,"ix":6},"o":{"a":0,"k":100,"ix":7},"sk":{"a":0,"k":0,"ix":4},"sa":{"a":0,"k":0,"ix":5},"nm":"Transform"}],"nm":"Group 23","np":2,"cix":2,"bm":0,"ix":23,"mn":"ADBE Vector Group","hd":false},{"ty":"gr","it":[{"ind":0,"ty":"sh","ix":1,"ks":{"a":0,"k":{"i":[[-0.131,-0.11],[0,0],[0,0],[0,0],[0,0],[0,0],[0,0],[0,0],[0,0],[0,0],[0,0],[0,0],[0,0],[0,0],[0,0],[0,0],[0,0],[0,0],[0,0],[0,0],[0,0],[0,0],[0,0],[0,0],[0,0],[0,0],[0,0],[0,0],[0,0],[0,0],[0,0],[0,0],[0,0],[0,0],[0,0],[0,0],[0,0],[0,0],[0,0],[0,0],[0,0],[0,0],[0,0],[0,0],[0,0],[0,0],[0,0],[0,0],[0,0],[0,0],[0,0],[0,0]],"o":[[0,0],[0,0],[0,0],[0,0],[0,0],[0,0],[0,0],[0,0],[0,0],[0,0],[0,0],[0,0],[0,0],[0,0],[0,0],[0,0],[0,0],[0,0],[0,0],[0,0],[0,0],[0,0],[0,0],[0,0],[0,0],[0,0],[0,0],[0,0],[0,0],[0,0],[0,0],[0,0],[0,0],[0,0],[0,0],[0,0],[0,0],[0,0],[0,0],[0,0],[0,0],[0,0],[0,0],[0,0],[0,0],[0,0],[0,0],[0,0],[0,0],[0,0],[0,0],[0.139,0.11]],"v":[[36.455,-23.27],[33.785,-21.54],[33.305,-21.23],[27.135,-17.25],[26.644,-16.94],[20.484,-12.96],[19.995,-12.65],[13.785,-8.64],[13.305,-8.33],[7.135,-4.35],[6.654,-4.04],[0.465,-0.04],[-0.025,0.27],[-6.195,4.251],[-6.676,4.56],[-12.766,8.49],[-13.255,8.8],[-19.415,12.78],[-19.905,13.09],[-26.066,17.07],[-26.556,17.39],[-32.715,21.36],[-33.205,21.68],[-36.045,23.51],[-36.045,23.52],[-36.056,23.52],[-36.186,23.6],[-36.266,23.47],[-36.455,23.18],[-33.715,21.41],[-33.235,21.1],[-27.066,17.12],[-26.575,16.81],[-20.415,12.831],[-19.926,12.52],[-13.766,8.541],[-13.275,8.22],[-7.186,4.291],[-6.705,3.98],[-0.535,0],[-0.056,-0.31],[6.144,-4.31],[6.625,-4.62],[12.795,-8.6],[13.274,-8.91],[19.484,-12.92],[19.975,-13.23],[26.135,-17.21],[26.625,-17.52],[32.795,-21.5],[33.274,-21.81],[36.055,-23.6]],"c":true},"ix":2},"nm":"Path 1","mn":"ADBE Vector Shape - Group","hd":false},{"ty":"fl","c":{"a":0,"k":[1,1,1,1],"ix":4},"o":{"a":0,"k":100,"ix":5},"r":1,"bm":0,"nm":"Fill 1","mn":"ADBE Vector Graphic - Fill","hd":false},{"ty":"tr","p":{"a":0,"k":[133.659,38.89],"ix":2},"a":{"a":0,"k":[0,0],"ix":1},"s":{"a":0,"k":[100,100],"ix":3},"r":{"a":0,"k":0,"ix":6},"o":{"a":0,"k":100,"ix":7},"sk":{"a":0,"k":0,"ix":4},"sa":{"a":0,"k":0,"ix":5},"nm":"Transform"}],"nm":"Group 24","np":2,"cix":2,"bm":0,"ix":24,"mn":"ADBE Vector Group","hd":false},{"ty":"gr","it":[{"ind":0,"ty":"sh","ix":1,"ks":{"a":0,"k":{"i":[[-0.181,-0.09],[0,0],[0,0],[0,0],[0,0],[0,0],[0,0],[0,0],[0,0],[0,0],[0,0],[0,0],[0,0],[0,0],[0,0],[0,0],[0,0],[0,0],[0,0],[0,0],[0,0],[0,0],[0,0],[0,0],[0,0],[0,0],[0,0],[0,0],[0,0],[0,0],[0,0],[0,0],[0,0],[0,0],[0,0],[0,0],[0,0],[0,0],[0,0],[0,0],[0,0],[0,0],[0,0],[0,0],[0,0],[0,0],[0,0],[0,0],[0,0],[0,0],[0,0],[0,0]],"o":[[0,0],[0,0],[0,0],[0,0],[0,0],[0,0],[0,0],[0,0],[0,0],[0,0],[0,0],[0,0],[0,0],[0,0],[0,0],[0,0],[0,0],[0,0],[0,0],[0,0],[0,0],[0,0],[0,0],[0,0],[0,0],[0,0],[0,0],[0,0],[0,0],[0,0],[0,0],[0,0],[0,0],[0,0],[0,0],[0,0],[0,0],[0,0],[0,0],[0,0],[0,0],[0,0],[0,0],[0,0],[0,0],[0,0],[0,0],[0,0],[0,0],[0,0],[0,0],[0.189,0.07]],"v":[[36.545,-23.375],[33.385,-21.335],[32.904,-21.025],[26.734,-17.045],[26.245,-16.735],[20.085,-12.755],[19.605,-12.445],[19.595,-12.445],[13.395,-8.435],[12.915,-8.125],[6.745,-4.145],[6.265,-3.835],[0.065,0.165],[-0.426,0.475],[-6.585,4.455],[-7.065,4.765],[-13.165,8.705],[-13.645,9.015],[-19.815,12.995],[-20.295,13.305],[-26.466,17.285],[-26.945,17.595],[-33.115,21.575],[-33.605,21.885],[-35.115,22.865],[-36.275,23.615],[-36.545,23.195],[-35.525,22.535],[-34.115,21.625],[-33.625,21.315],[-27.455,17.335],[-26.976,17.015],[-20.806,13.045],[-20.325,12.725],[-14.165,8.745],[-14.155,8.745],[-13.676,8.435],[-7.575,4.505],[-7.096,4.195],[-0.935,0.215],[-0.445,-0.095],[5.755,-4.105],[6.234,-4.415],[12.404,-8.385],[12.885,-8.705],[19.085,-12.705],[19.574,-13.015],[25.734,-16.995],[26.225,-17.305],[32.385,-21.285],[32.875,-21.595],[36.005,-23.615]],"c":true},"ix":2},"nm":"Path 1","mn":"ADBE Vector Shape - Group","hd":false},{"ty":"fl","c":{"a":0,"k":[1,1,1,1],"ix":4},"o":{"a":0,"k":100,"ix":5},"r":1,"bm":0,"nm":"Fill 1","mn":"ADBE Vector Graphic - Fill","hd":false},{"ty":"tr","p":{"a":0,"k":[127.699,35.385],"ix":2},"a":{"a":0,"k":[0,0],"ix":1},"s":{"a":0,"k":[100,100],"ix":3},"r":{"a":0,"k":0,"ix":6},"o":{"a":0,"k":100,"ix":7},"sk":{"a":0,"k":0,"ix":4},"sa":{"a":0,"k":0,"ix":5},"nm":"Transform"}],"nm":"Group 25","np":2,"cix":2,"bm":0,"ix":25,"mn":"ADBE Vector Group","hd":false},{"ty":"gr","it":[{"ind":0,"ty":"sh","ix":1,"ks":{"a":0,"k":{"i":[[-0.229,-0.05],[0,0],[0,0],[0,0],[0,0],[0,0],[0,0],[0,0],[0,0],[0,0],[0,0],[0,0],[0,0],[0,0],[0,0],[0,0],[0,0],[0,0],[0,0],[0,0],[0,0],[0,0],[0,0],[0,0],[0,0],[0,0],[0,0],[0,0],[0,0],[0,0],[0,0],[0,0],[0,0],[0,0],[0,0],[0,0],[0,0],[0,0],[0,0],[0,0],[0,0],[0,0],[0,0],[0,0],[0,0],[0,0],[0,0],[0,0],[0,0],[0,0]],"o":[[0,0],[0,0],[0,0],[0,0],[0,0],[0,0],[0,0],[0,0],[0,0],[0,0],[0,0],[0,0],[0,0],[0,0],[0,0],[0,0],[0,0],[0,0],[0,0],[0,0],[0,0],[0,0],[0,0],[0,0],[0,0],[0,0],[0,0],[0,0],[0,0],[0,0],[0,0],[0,0],[0,0],[0,0],[0,0],[0,0],[0,0],[0,0],[0,0],[0,0],[0,0],[0,0],[0,0],[0,0],[0,0],[0,0],[0,0],[0,0],[0,0],[0.23,0.05]],"v":[[34.985,-22.415],[33.325,-21.345],[32.835,-21.025],[26.675,-17.045],[26.185,-16.735],[20.025,-12.755],[19.535,-12.445],[13.335,-8.445],[12.855,-8.135],[6.685,-4.155],[6.205,-3.845],[-0.005,0.165],[-0.485,0.475],[-6.655,4.455],[-7.135,4.765],[-13.235,8.695],[-13.715,9.005],[-19.885,12.984],[-20.365,13.295],[-26.535,17.274],[-27.015,17.585],[-33.185,21.564],[-33.675,21.885],[-33.755,21.935],[-34.715,22.555],[-34.985,22.135],[-34.185,21.615],[-34.165,21.605],[-33.695,21.305],[-27.525,17.325],[-27.045,17.015],[-20.875,13.035],[-20.395,12.715],[-14.225,8.745],[-13.744,8.425],[-7.645,4.495],[-7.165,4.185],[-0.994,0.205],[-0.515,-0.105],[5.695,-4.115],[6.175,-4.425],[12.345,-8.405],[12.825,-8.715],[19.025,-12.715],[19.506,-13.025],[25.675,-17.005],[26.165,-17.315],[32.325,-21.295],[32.815,-21.605],[34.285,-22.555]],"c":true},"ix":2},"nm":"Path 1","mn":"ADBE Vector Shape - Group","hd":false},{"ty":"fl","c":{"a":0,"k":[1,1,1,1],"ix":4},"o":{"a":0,"k":100,"ix":5},"r":1,"bm":0,"nm":"Fill 1","mn":"ADBE Vector Graphic - Fill","hd":false},{"ty":"tr","p":{"a":0,"k":[120.939,31.855],"ix":2},"a":{"a":0,"k":[0,0],"ix":1},"s":{"a":0,"k":[100,100],"ix":3},"r":{"a":0,"k":0,"ix":6},"o":{"a":0,"k":100,"ix":7},"sk":{"a":0,"k":0,"ix":4},"sa":{"a":0,"k":0,"ix":5},"nm":"Transform"}],"nm":"Group 26","np":2,"cix":2,"bm":0,"ix":26,"mn":"ADBE Vector Group","hd":false},{"ty":"gr","it":[{"ind":0,"ty":"sh","ix":1,"ks":{"a":0,"k":{"i":[[-0.3,-0.01],[0,0],[0,0],[0,0],[0,0],[0,0],[0,0],[0,0],[0,0],[0,0],[0,0],[0,0],[0,0],[0,0],[0,0],[0,0],[0,0],[0,0],[0,0],[0,0],[0,0],[0,0],[0,0],[0,0],[0,0],[0,0],[0,0],[0,0],[0,0],[0,0],[0,0],[0,0],[0,0],[0,0],[0,0],[0,0],[0,0],[0,0],[0,0],[0,0],[0,0],[0,0],[0,0],[0,0],[0,0],[0,0],[0,0]],"o":[[0,0],[0,0],[0,0],[0,0],[0,0],[0,0],[0,0],[0,0],[0,0],[0,0],[0,0],[0,0],[0,0],[0,0],[0,0],[0,0],[0,0],[0,0],[0,0],[0,0],[0,0],[0,0],[0,0],[0,0],[0,0],[0,0],[0,0],[0,0],[0,0],[0,0],[0,0],[0,0],[0,0],[0,0],[0,0],[0,0],[0,0],[0,0],[0,0],[0,0],[0,0],[0,0],[0,0],[0,0],[0,0],[0,0],[0.31,0]],"v":[[32.17,-20.665],[27.68,-17.765],[27.67,-17.765],[27.19,-17.445],[21.03,-13.475],[21.02,-13.475],[20.54,-13.155],[14.35,-9.165],[13.87,-8.855],[13.86,-8.855],[7.7,-4.875],[7.22,-4.565],[1,-0.555],[0.52,-0.235],[0.51,-0.235],[-5.65,3.735],[-6.13,4.045],[-12.23,7.985],[-12.71,8.295],[-18.88,12.275],[-19.36,12.585],[-25.53,16.565],[-26.01,16.875],[-31.32,20.295],[-31.9,20.675],[-32.17,20.255],[-31.72,19.965],[-26.52,16.615],[-26.04,16.295],[-19.87,12.325],[-19.39,12.005],[-13.23,8.035],[-13.22,8.035],[-12.74,7.715],[-6.64,3.785],[-6.16,3.475],[0,-0.505],[0.49,-0.815],[6.71,-4.825],[7.19,-5.135],[13.35,-9.115],[13.84,-9.425],[20.03,-13.425],[20.51,-13.735],[26.68,-17.715],[27.16,-18.025],[31.27,-20.675]],"c":true},"ix":2},"nm":"Path 1","mn":"ADBE Vector Shape - Group","hd":false},{"ty":"fl","c":{"a":0,"k":[1,1,1,1],"ix":4},"o":{"a":0,"k":100,"ix":5},"r":1,"bm":0,"nm":"Fill 1","mn":"ADBE Vector Graphic - Fill","hd":false},{"ty":"tr","p":{"a":0,"k":[113.044,28.995],"ix":2},"a":{"a":0,"k":[0,0],"ix":1},"s":{"a":0,"k":[100,100],"ix":3},"r":{"a":0,"k":0,"ix":6},"o":{"a":0,"k":100,"ix":7},"sk":{"a":0,"k":0,"ix":4},"sa":{"a":0,"k":0,"ix":5},"nm":"Transform"}],"nm":"Group 27","np":2,"cix":2,"bm":0,"ix":27,"mn":"ADBE Vector Group","hd":false}],"ip":0,"op":20,"st":0,"bm":0}],"markers":[]}