{"v":"5.5.8","fr":24,"ip":0,"op":48,"w":192,"h":192,"nm":"vehicles","ddd":0,"assets":[],"layers":[{"ddd":0,"ind":1,"ty":4,"nm":"wheels","sr":1,"ks":{"o":{"a":0,"k":100,"ix":11},"r":{"a":0,"k":0,"ix":10},"p":{"a":0,"k":[91.645,130.125,0],"ix":2},"a":{"a":0,"k":[81.325,16.965,0],"ix":1},"s":{"a":0,"k":[100,100,100],"ix":6}},"ao":0,"shapes":[{"ty":"gr","it":[{"ind":0,"ty":"sh","ix":1,"ks":{"a":0,"k":{"i":[[0,-2.12],[9.231,0],[0,9.24],[-0.72,1.86],[-7.12,0],[-2.411,-6.26]],"o":[[0,9.24],[-9.23,0],[0,-2.12],[2.41,-6.26],[7.12,0],[0.719,1.86]],"v":[[16.72,-0.005],[0,16.715],[-16.719,-0.005],[-15.61,-6.005],[0,-16.715],[15.611,-6.005]],"c":true},"ix":2},"nm":"Path 1","mn":"ADBE Vector Shape - Group","hd":false},{"ty":"fl","c":{"a":0,"k":[1,1,1,1],"ix":4},"o":{"a":0,"k":100,"ix":5},"r":1,"bm":0,"nm":"Fill 1","mn":"ADBE Vector Graphic - Fill","hd":false},{"ty":"tr","p":{"a":0,"k":[145.68,16.965],"ix":2},"a":{"a":0,"k":[0,0],"ix":1},"s":{"a":0,"k":[100,100],"ix":3},"r":{"a":0,"k":0,"ix":6},"o":{"a":0,"k":100,"ix":7},"sk":{"a":0,"k":0,"ix":4},"sa":{"a":0,"k":0,"ix":5},"nm":"Transform"}],"nm":"Group 1","np":2,"cix":2,"bm":0,"ix":1,"mn":"ADBE Vector Group","hd":false},{"ty":"gr","it":[{"ind":0,"ty":"sh","ix":1,"ks":{"a":0,"k":{"i":[[0,-2.12],[9.24,0],[0,9.24],[-0.72,1.86],[-7.12,0],[-2.41,-6.26]],"o":[[0,9.24],[-9.23,0],[0,-2.12],[2.41,-6.26],[7.12,0],[0.72,1.86]],"v":[[16.715,-0.005],[-0.005,16.715],[-16.715,-0.005],[-15.605,-6.005],[-0.005,-16.715],[15.605,-6.005]],"c":true},"ix":2},"nm":"Path 1","mn":"ADBE Vector Shape - Group","hd":false},{"ty":"fl","c":{"a":0,"k":[1,1,1,1],"ix":4},"o":{"a":0,"k":100,"ix":5},"r":1,"bm":0,"nm":"Fill 1","mn":"ADBE Vector Graphic - Fill","hd":false},{"ty":"tr","p":{"a":0,"k":[16.965,16.965],"ix":2},"a":{"a":0,"k":[0,0],"ix":1},"s":{"a":0,"k":[100,100],"ix":3},"r":{"a":0,"k":0,"ix":6},"o":{"a":0,"k":100,"ix":7},"sk":{"a":0,"k":0,"ix":4},"sa":{"a":0,"k":0,"ix":5},"nm":"Transform"}],"nm":"Group 2","np":2,"cix":2,"bm":0,"ix":2,"mn":"ADBE Vector Group","hd":false}],"ip":0,"op":48,"st":0,"bm":0},{"ddd":0,"ind":2,"ty":4,"nm":"main","sr":1,"ks":{"o":{"a":0,"k":100,"ix":11},"r":{"a":0,"k":0,"ix":10},"p":{"a":1,"k":[{"i":{"x":0.667,"y":1},"o":{"x":0.333,"y":0},"t":0,"s":[96,82.56,0],"to":[0,0,0],"ti":[0,0,0]},{"i":{"x":0.667,"y":1},"o":{"x":0.333,"y":0},"t":6,"s":[96,83.56,0],"to":[0,0,0],"ti":[0,0,0]},{"i":{"x":0.667,"y":1},"o":{"x":0.333,"y":0},"t":12,"s":[96,82.56,0],"to":[0,0,0],"ti":[0,0,0]},{"i":{"x":0.667,"y":1},"o":{"x":0.333,"y":0},"t":18,"s":[96,83.56,0],"to":[0,0,0],"ti":[0,0,0]},{"i":{"x":0.667,"y":1},"o":{"x":0.333,"y":0},"t":24,"s":[96,82.56,0],"to":[0,0,0],"ti":[0,0,0]},{"i":{"x":0.667,"y":1},"o":{"x":0.333,"y":0},"t":30,"s":[96,83.56,0],"to":[0,0,0],"ti":[0,0,0]},{"i":{"x":0.667,"y":1},"o":{"x":0.333,"y":0},"t":36,"s":[96,82.56,0],"to":[0,0,0],"ti":[0,0,0]},{"i":{"x":0.667,"y":1},"o":{"x":0.333,"y":0},"t":42,"s":[96,83.56,0],"to":[0,0,0],"ti":[0,0,0]},{"t":48,"s":[96,82.56,0]}],"ix":2},"a":{"a":0,"k":[92.25,41.81,0],"ix":1},"s":{"a":0,"k":[100,100,100],"ix":6}},"ao":0,"ef":[{"ty":5,"nm":"CC Force Motion Blur","np":6,"mn":"CC Force Motion Blur","ix":1,"en":1,"ef":[{"ty":0,"nm":"Motion Blur Samples","mn":"CC Force Motion Blur-0001","ix":1,"v":{"a":0,"k":16,"ix":1}},{"ty":7,"nm":"Override Shutter Angle","mn":"CC Force Motion Blur-0002","ix":2,"v":{"a":0,"k":1,"ix":2}},{"ty":0,"nm":"Shutter Angle","mn":"CC Force Motion Blur-0003","ix":3,"v":{"a":0,"k":180,"ix":3}},{"ty":7,"nm":"Native Motion Blur","mn":"CC Force Motion Blur-0004","ix":4,"v":{"a":0,"k":2,"ix":4}}]}],"shapes":[{"ty":"gr","it":[{"ind":0,"ty":"sh","ix":1,"ks":{"a":0,"k":{"i":[[0,0],[1.1,0],[0,0],[-0.21,1.22],[0,0],[1.25,0],[0,0],[0.1,-0.6],[0,0],[0.62,0],[0,0],[0,-1.1],[0,0],[1.1,0],[0,0],[0,1.1],[0,0],[0.91,0.17],[0,0.6],[-0.01,0.07],[0,0],[1.24,0],[0,0],[0.1,-0.61],[0,0],[0.62,0],[0,0],[0,-1.1],[0,0],[1.1,0],[0,0],[0.23,0.37],[0,0],[0,0],[0,0],[-0.43,0],[-0.24,0.19],[0.32,0.53],[0,0],[0.43,0],[0.23,-0.2],[-0.32,-0.54],[0,0],[0,0],[0,0],[-0.11,0.36],[0,0],[-0.54,0],[0,0],[0,-1.1]],"o":[[0,1.1],[0,0],[-1.24,0],[0,0],[0.21,-1.22],[0,0],[-0.62,0],[0,0],[-0.1,0.6],[0,0],[-1.1,0],[0,0],[0,1.1],[0,0],[-1.1,0],[0,0],[0,-0.93],[-0.59,-0.12],[0,-0.07],[0,0],[0.21,-1.22],[0,0],[-0.62,0],[0,0],[-0.1,0.6],[0,0],[-1.1,0],[0,0],[0,1.1],[0,0],[-0.44,0],[0,0],[0,0],[0,0],[0.24,0.4],[0.28,0],[0.48,-0.4],[0,0],[-0.23,-0.4],[-0.28,0],[-0.49,0.4],[0,0],[0,0],[0,0],[-0.2,-0.32],[0,0],[0.17,-0.52],[0,0],[1.1,0],[0,0]],"v":[[80,9.49],[78,11.49],[43.32,11.49],[41.35,9.16],[45.61,-16.1],[43.63,-18.44],[41.85,-18.44],[40.6,-17.39],[35.9,10.44],[34.65,11.49],[18,11.49],[16,13.49],[16,31.56],[14,33.56],[2,33.56],[0,31.56],[0,14.48],[-1.51,12.48],[-2.53,11.24],[-2.51,11.03],[2.07,-16.11],[0.1,-18.44],[-1.69,-18.44],[-2.94,-17.39],[-7.82,11.45],[-9.07,12.5],[-26,12.5],[-28,14.5],[-28,31.56],[-30,33.56],[-42.16,33.56],[-43.24,32.96],[-55.27,13.29],[-38.24,1.41],[-35.38,6.2],[-34.29,6.82],[-33.49,6.53],[-33.21,4.91],[-40.52,-7.32],[-41.6,-7.93],[-42.4,-7.64],[-42.68,-6.02],[-39.55,-0.78],[-56.6,11.11],[-59.69,6.06],[-59.82,5],[-47.2,-33.17],[-46,-34.04],[78,-34.04],[80,-32.04]],"c":true},"ix":2},"nm":"Path 1","mn":"ADBE Vector Shape - Group","hd":false},{"ind":1,"ty":"sh","ix":2,"ks":{"a":0,"k":{"i":[[-1.1,0],[0,0],[0,1.1],[0,0],[1.1,0],[0,0],[0.22,-0.41],[0,0],[-0.95,0],[0,0],[0.28,-0.82],[0,0],[0.4,-0.11],[0.39,-0.11],[0.5,-3.941],[0,0],[-1.1,0],[0,0],[-9.89,0],[-2.6,-9.06],[0,0],[-9.89,0],[-2.61,-9.06],[0,0],[0,0.41],[0,0],[0.41,0],[0,0],[0,0.41],[0,0],[1.1,0],[0.36,0.37],[0,0.55],[0,0]],"o":[[0,0],[1.1,0],[0,0],[0,-1.1],[0,0],[-0.47,0],[0,0],[-0.45,0.84],[0,0],[0.86,0],[0,0],[-0.13,0.4],[-0.4,0.11],[-22.02,6.5],[0,0],[0,1.1],[0,0],[2.6,-9.06],[9.9,0],[0,0],[2.61,-9.06],[9.89,0],[0,0],[0.41,0],[0,0],[0,-0.411],[0,0],[-0.41,0],[0,0],[0,-1.1],[-0.55,0],[-0.36,-0.36],[0,0],[0,-1.1]],"v":[[86,-34.04],[90,-34.04],[92,-36.04],[92,-39.56],[90,-41.56],[-63.24,-41.56],[-64.36,-40.89],[-67.01,-35.9],[-65.9,-34.04],[-52.31,-34.04],[-51.12,-32.37],[-63.79,4.93],[-64.64,5.74],[-65.82,6.08],[-92,25.591],[-92,39.56],[-90,41.56],[-89.58,41.56],[-68.72,25.85],[-47.85,41.56],[39.13,41.56],[60,25.85],[80.87,41.56],[91.26,41.56],[92,40.82],[92,34.301],[91.26,33.56],[88.74,33.56],[88,32.82],[88,13.49],[86,11.49],[84.59,10.9],[84,9.49],[84,-32.04]],"c":true},"ix":2},"nm":"Path 2","mn":"ADBE Vector Shape - Group","hd":false},{"ty":"mm","mm":1,"nm":"Merge Paths 1","mn":"ADBE Vector Filter - Merge","hd":false},{"ty":"fl","c":{"a":0,"k":[1,1,1,1],"ix":4},"o":{"a":0,"k":100,"ix":5},"r":1,"bm":0,"nm":"Fill 1","mn":"ADBE Vector Graphic - Fill","hd":false},{"ty":"tr","p":{"a":0,"k":[92.25,41.81],"ix":2},"a":{"a":0,"k":[0,0],"ix":1},"s":{"a":0,"k":[100,100],"ix":3},"r":{"a":0,"k":0,"ix":6},"o":{"a":0,"k":100,"ix":7},"sk":{"a":0,"k":0,"ix":4},"sa":{"a":0,"k":0,"ix":5},"nm":"Transform"}],"nm":"Group 1","np":4,"cix":2,"bm":0,"ix":1,"mn":"ADBE Vector Group","hd":false}],"ip":0,"op":48,"st":0,"bm":0}],"markers":[]}